Accession,Protein kinase,domain,location
Q59H18,Protein kinase,domain,463-723;
Q99558,Protein kinase,domain,400-655;
Q12852,Protein kinase,domain,125-366;
Q02779,Protein kinase,domain,98-360;
Q9Y2U5,Protein kinase,domain,357-617;
Q99759,Protein kinase,domain,362-622;
O43283,Protein kinase,domain,168-409;
Q6ZN16,Protein kinase,domain,652-908;
Q9NYL2,Protein kinase,domain,16-277;
P41279,Protein kinase,domain,138-388;
Q16584,Protein kinase,domain,117-379;
O43318,Protein kinase,domain,36-291;
P80192,Protein kinase,domain,144-412;
Q13233,Protein kinase,domain,1243-1508;
Q5TCX8,Protein kinase,domain,124-401;
Q99683,Protein kinase,domain,680-938;
Q9Y6R4,Protein kinase,domain,1343-1601;
O95382,Protein kinase,domain,648-906;
Q96KB5,Protein kinase,domain,32-322;
P45985,Protein kinase,domain,102-367;
P46734,Protein kinase,domain,64-325;
O14733,Protein kinase,domain,120-380;
P52564,Protein kinase,domain,53-314;
Q13163,Protein kinase,domain,166-409;
Q02750,Protein kinase,domain,68-361;
P36507,Protein kinase,domain,72-369;
Q9UEE5,Protein kinase,domain,61-321;
O94768,Protein kinase,domain,33-293;
Q9UHD2,Protein kinase,domain,9-310;
Q9UBE8,Protein kinase,domain,138-427;
O43293,Protein kinase,domain,13-275;
Q9UIK4,Protein kinase,domain,23-285;
P53355,Protein kinase,domain,13-275;
O15111,Protein kinase,domain,15-302;
P49674,Protein kinase,domain,9-277;
Q9HCP0,Protein kinase,domain,44-315;
Q14164,Protein kinase,domain,9-315;
O14920,Protein kinase,domain,15-300;
P48729,Protein kinase,domain,17-285;
Q15418,Protein kinase,domain,62-321;418-675;
Q15349,Protein kinase,domain,59-318;415-672;
P51812,Protein kinase,domain,68-327;422-679;
Q96S38,Protein kinase,domain,344-445;794-1056;
Q13164,Protein kinase,domain,55-347;
P28482,Protein kinase,domain,25-313;
Q16539,Protein kinase,domain,24-308;
P31152,Protein kinase,domain,20-312;
P53778,Protein kinase,domain,27-311;
O75582,Protein kinase,domain,49-318;426-687;
Q9UK32,Protein kinase,domain,73-330;426-683;
P48730,Protein kinase,domain,9-277;
P78368,Protein kinase,domain,46-316;
Q9Y6M4,Protein kinase,domain,43-313;
P23443,Protein kinase,domain,91-352;
O75676,Protein kinase,domain,33-301;411-674;
Q9UBS0,Protein kinase,domain,67-328;
Q8TD08,Protein kinase,domain,13-304;
O15264,Protein kinase,domain,25-308;
P45984,Protein kinase,domain,26-321;
P53779,Protein kinase,domain,64-359;
Q15759,Protein kinase,domain,24-308;
P27361,Protein kinase,domain,42-330;
Q16659,Protein kinase,domain,20-316;
P45983,Protein kinase,domain,26-321;
Q8IY84,Protein kinase,domain,74-325;
Q9UHY1,Protein kinase,domain,68-327;
O96013,Protein kinase,domain,321-572;
Q9P286,Protein kinase,domain,449-700;
P51955,Protein kinase,domain,8-271;
Q7Z2Y5,Protein kinase,domain,25-313;
Q9NSY1,Protein kinase,domain,51-316;
O00238,Protein kinase,domain,204-494;
P51451,Protein kinase,domain,241-494;
Q00534,Protein kinase,domain,13-300;
Q96Q40,Protein kinase,domain,103-387;
O00311,Protein kinase,domain,58-574;
Q00526,Protein kinase,domain,4-286;
O94921,Protein kinase,domain,135-419;
Q00536,Protein kinase,domain,165-446;
Q07002,Protein kinase,domain,144-425;
Q14004,Protein kinase,domain,705-998;
Q15131,Protein kinase,domain,39-323;
P50750,Protein kinase,domain,19-315;
Q8IVW4,Protein kinase,domain,4-286;
P50613,Protein kinase,domain,12-295;
P11802,Protein kinase,domain,6-295;
O76039,Protein kinase,domain,13-297;
P06493,Protein kinase,domain,4-287;
Q00535,Protein kinase,domain,4-286;
Q8IZL9,Protein kinase,domain,4-288;
P49336,Protein kinase,domain,21-335;
Q9UQ88,Protein kinase,domain,427-647;
P24941,Protein kinase,domain,4-286;
Q9NYV4,Protein kinase,domain,727-1020;
Q8NEV4,Protein kinase,domain,21-287;
Q13177,Protein kinase,domain,249-499;
Q9NQU5,Protein kinase,domain,407-658;
O75914,Protein kinase,domain,283-534;
Q32MK0,Protein kinase,domain,515-770;
Q96RG2,Protein kinase,domain,999-1251;
O95747,Protein kinase,domain,17-291;
Q99640,Protein kinase,domain,110-359;
Q9P1W9,Protein kinase,domain,32-286;
Q16816,Protein kinase,domain,20-288;
P15735,Protein kinase,domain,24-291;
Q86V86,Protein kinase,domain,40-293;
Q9NYY3,Protein kinase,domain,82-334;
Q9BXM7,Protein kinase,domain,156-511;
Q16513,Protein kinase,domain,657-916;
Q9H4B4,Protein kinase,domain,62-314;
Q6P5Z2,Protein kinase,domain,559-818;
P53350,Protein kinase,domain,53-305;
P04049,Protein kinase,domain,349-609;
Q9BRS2,Protein kinase,domain,180-479;
Q13546,Protein kinase,domain,17-289;
O14730,Protein kinase,domain,251-519;
O43353,Protein kinase,domain,18-294;
Q9Y572,Protein kinase,domain,21-287;
P57078,Protein kinase,domain,22-286;
P07949,Protein kinase,domain,724-1016;
O15530,Protein kinase,domain,82-342;
P16234,Protein kinase,domain,593-954;
Q13153,Protein kinase,domain,270-521;
P09619,Protein kinase,domain,600-962;
O00444,Protein kinase,domain,12-265;
Q99570,Protein kinase,domain,26-324;
P11309,Protein kinase,domain,38-290;
Q16512,Protein kinase,domain,615-874;
Q6ZWH5,Protein kinase,domain,519-712;
Q96PY6,Protein kinase,domain,4-258;
Q9H1R3,Protein kinase,domain,285-540;
Q15746,Protein kinase,domain,1464-1719;
Q8WXR4,Protein kinase,domain,27-293;
Q9HC98,Protein kinase,domain,45-310;
Q8TD19,Protein kinase,domain,52-308;
Q8NG66,Protein kinase,domain,29-287;
Q86SG6,Protein kinase,domain,4-258;
Q16620,Protein kinase,domain,538-807;
P51956,Protein kinase,domain,4-257;
Q8TDX7,Protein kinase,domain,34-299;
P51817,Protein kinase,domain,49-303;
Q13308,Protein kinase,domain,796-1066;
Q13882,Protein kinase,domain,191-445;
Q13523,Protein kinase,domain,687-1006;
P37023,Protein kinase,domain,202-492;
Q9Y243,Protein kinase,domain,148-405;
Q07912,Protein kinase,domain,126-385;
Q04771,Protein kinase,domain,208-502;
Q13131,Protein kinase,domain,27-279;
P42684,Protein kinase,domain,288-539;
P00519,Protein kinase,domain,242-493;
Q2M2I8,Protein kinase,domain,46-315;
P54646,Protein kinase,domain,16-268;
Q9H0K1,Protein kinase,domain,20-271;
Q9Y2K2,Protein kinase,domain,66-317;
Q15772,Protein kinase,domain,1601-1854;2966-3218;
O75716,Protein kinase,domain,20-293;
Q13188,Protein kinase,domain,27-278;
Q13043,Protein kinase,domain,30-281;
Q9Y6E0,Protein kinase,domain,36-286;
Q9BXU1,Protein kinase,domain,710-1019;
O00506,Protein kinase,domain,20-270;
Q9P289,Protein kinase,domain,24-274;
Q9NRP7,Protein kinase,domain,4-254;
Q15208,Protein kinase,domain,89-382;
P12931,Protein kinase,domain,270-523;
Q9Y2H1,Protein kinase,domain,90-383;
O94804,Protein kinase,domain,36-294;
Q8N2I9,Protein kinase,domain,35-331;
Q15831,Protein kinase,domain,49-309;
Q8TDR2,Protein kinase,domain,202-530;
Q9UEW8,Protein kinase,domain,63-337;
Q9C0K7,Protein kinase,domain,58-369;
Q6J9G0,Protein kinase,domain,114-384;
O75116,Protein kinase,domain,92-354;
P34925,Protein kinase,domain,330-603;
Q01973,Protein kinase,domain,473-746;
Q01974,Protein kinase,domain,473-746;
Q9H2G2,Protein kinase,domain,34-292;
Q9H5K3,Protein kinase,domain,81-350;
O00141,Protein kinase,domain,98-355;
Q9NRH2,Protein kinase,domain,16-269;
Q9HBY8,Protein kinase,domain,95-352;
P57059,Protein kinase,domain,27-278;
P08922,Protein kinase,domain,1945-2222;
Q13464,Protein kinase,domain,76-338;
Q04912,Protein kinase,domain,1082-1345;
Q9UL54,Protein kinase,domain,28-281;
P35590,Protein kinase,domain,839-1118;
P42680,Protein kinase,domain,370-623;
Q96S53,Protein kinase,domain,58-313;
P37173,Protein kinase,domain,244-544;
Q02763,Protein kinase,domain,824-1096;
Q13470,Protein kinase,domain,116-377;
Q8WZ42,Protein kinase,domain,32178-32432;
Q86UE8,Protein kinase,domain,462-741;
Q9H3Y6,Protein kinase,domain,230-488;
Q96SB4,Protein kinase,domain,80-653;
P78362,Protein kinase,domain,81-684;
Q7RTN6,Protein kinase,domain,69-379;
Q9H2K8,Protein kinase,domain,24-277;
Q7L7X3,Protein kinase,domain,28-281;
Q15569,Protein kinase,domain,57-314;
P36897,Protein kinase,domain,205-495;
Q96BR1,Protein kinase,domain,162-419;
Q9UKI8,Protein kinase,domain,456-734;
Q9UKE5,Protein kinase,domain,25-289;
Q5TCY1,Protein kinase,domain,34-297;
Q96RU8,Protein kinase,domain,1-338;
Q96PF2,Protein kinase,domain,12-272;
Q96RU7,Protein kinase,domain,68-316;
O75962,Protein kinase,domain,2796-3052;
Q9BVS4,Protein kinase,domain,97-272;
Q15835,Protein kinase,domain,190-455;
Q5VST9,Protein kinase,domain,6468-6721;7672-7924;
P04629,Protein kinase,domain,510-781;
Q9H093,Protein kinase,domain,53-303;
O60285,Protein kinase,domain,55-306;
P51957,Protein kinase,domain,6-261;
Q16288,Protein kinase,domain,538-839;
Q09013,Protein kinase,domain,71-339;
Q8N568,Protein kinase,domain,394-651;
Q6XUX3,Protein kinase,domain,652-906;
P41240,Protein kinase,domain,195-449;
P07333,Protein kinase,domain,582-910;
O14757,Protein kinase,domain,9-265;
O96017,Protein kinase,domain,220-486;
P49760,Protein kinase,domain,163-479;
P49761,Protein kinase,domain,304-620;
Q8NI60,Protein kinase,domain,329-518;
P68400,Protein kinase,domain,39-324;
P19784,Protein kinase,domain,40-325;
O14936,Protein kinase,domain,12-276;
P19525,Protein kinase,domain,267-538;
Q9NZJ5,Protein kinase,domain,593-1077;
Q9NR20,Protein kinase,domain,104-400;
Q9P2K8,Protein kinase,domain,296-539;590-1001;
O00418,Protein kinase,domain,
P54753,Protein kinase,domain,633-896;
Q76MJ5,Protein kinase,domain,520-781;
O15197,Protein kinase,domain,670-919;
Q5JZY3,Protein kinase,domain,645-900;
Q05397,Protein kinase,domain,422-680;
P54764,Protein kinase,domain,621-882;
P54756,Protein kinase,domain,675-936;
O75460,Protein kinase,domain,571-832;
P54762,Protein kinase,domain,619-882;
P21709,Protein kinase,domain,624-884;
P29323,Protein kinase,domain,621-884;
Q15375,Protein kinase,domain,633-894;
P29322,Protein kinase,domain,635-896;
Q86YV6,Protein kinase,domain,106-361;
O00750,Protein kinase,domain,
Q8TCG2,Protein kinase,domain,
P54886,Protein kinase,domain,
Q9BZ23,Protein kinase,domain,
O43252,Protein kinase,domain,
Q7Z7A4,Protein kinase,domain,88-481;
Q15078,Protein kinase,domain,
Q92772,Protein kinase,domain,4-287;
P42773,Protein kinase,domain,
P42771,Protein kinase,domain,
Q00537,Protein kinase,domain,192-473;
Q9BWU1,Protein kinase,domain,21-335;
Q00532,Protein kinase,domain,5-288;
Q5MAI5,Protein kinase,domain,4-286;
Q4G0N4,Protein kinase,domain,
Q58A45,Protein kinase,domain,
Q9UJ70,Protein kinase,domain,
Q9NSY0,Protein kinase,domain,38-306;
Q9BTU6,Protein kinase,domain,
Q8IZE3,Protein kinase,domain,2-245;
Q9NPI5,Protein kinase,domain,
O43930,Protein kinase,domain,49-277;
Q86YV5,Protein kinase,domain,978-1329;
P42336,Protein kinase,domain,
Q496M5,Protein kinase,domain,1-65;
P48736,Protein kinase,domain,
P42356,Protein kinase,domain,
Q504Y2,Protein kinase,domain,138-493;
P42338,Protein kinase,domain,
Q9H477,Protein kinase,domain,
Q9H999,Protein kinase,domain,
Q15118,Protein kinase,domain,
Q6A1A2,Protein kinase,domain,55-315;
P00558,Protein kinase,domain,
Q8N165,Protein kinase,domain,8-334;
Q8TE04,Protein kinase,domain,
Q16654,Protein kinase,domain,
Q9NVE7,Protein kinase,domain,
O95340,Protein kinase,domain,
Q8N8J0,Protein kinase,domain,
A4QPH2,Protein kinase,domain,
Q9UBF8,Protein kinase,domain,
Q8NEB9,Protein kinase,domain,
O00329,Protein kinase,domain,
Q15120,Protein kinase,domain,
Q15119,Protein kinase,domain,
P07205,Protein kinase,domain,
O95544,Protein kinase,domain,
Q6P3R8,Protein kinase,domain,4-259;
Q96S44,Protein kinase,domain,33-253;
P78527,Protein kinase,domain,
Q8IV42,Protein kinase,domain,
O00764,Protein kinase,domain,
Q9H792,Protein kinase,domain,1313-1675;
Q3MIX3,Protein kinase,domain,179-419;
Q9UGJ0,Protein kinase,domain,
Q9UGI9,Protein kinase,domain,
P54619,Protein kinase,domain,
Q9Y478,Protein kinase,domain,
O43741,Protein kinase,domain,
Q9NY57,Protein kinase,domain,23-283;
Q86UX6,Protein kinase,domain,93-353;
Q9BYT3,Protein kinase,domain,116-381;
Q8WU08,Protein kinase,domain,23-281;
Q8NE28,Protein kinase,domain,28-297;
Q9Y6S9,Protein kinase,domain,145-539;
Q9UPE1,Protein kinase,domain,79-565;
Q96LW2,Protein kinase,domain,107-274;
Q9UHJ6,Protein kinase,domain,
A0A0B4J2F2,Protein kinase,domain,27-278;
Q96Q15,Protein kinase,domain,
Q8TEA7,Protein kinase,domain,1-273;
P0C264,Protein kinase,domain,43-309;
Q96KG9,Protein kinase,domain,14-314;
Q6P3W7,Protein kinase,domain,32-327;
P0C263,Protein kinase,domain,62-330;
Q52WX2,Protein kinase,domain,53-318;
Q3LXA3,Protein kinase,domain,
Q92519,Protein kinase,domain,61-308;
Q9Y4A5,Protein kinase,domain,
Q05823,Protein kinase,domain,365-586;
O00443,Protein kinase,domain,
O75747,Protein kinase,domain,
Q9NWW6,Protein kinase,domain,
Q9Y6T7,Protein kinase,domain,
P49619,Protein kinase,domain,
O75912,Protein kinase,domain,
P52429,Protein kinase,domain,
P52824,Protein kinase,domain,
Q9UPQ8,Protein kinase,domain,
Q13319,Protein kinase,domain,
Q9Y259,Protein kinase,domain,
Q8NEV1,Protein kinase,domain,39-324;
P67870,Protein kinase,domain,
Q53R41,Protein kinase,domain,
P04626,Protein kinase,domain,720-987;
P16591,Protein kinase,domain,563-816;
P21802,Protein kinase,domain,481-770;
P22607,Protein kinase,domain,472-761;
Q96C11,Protein kinase,domain,
O14965,Protein kinase,domain,133-383;
O14874,Protein kinase,domain,
Q13535,Protein kinase,domain,
Q96GD4,Protein kinase,domain,77-327;
Q13705,Protein kinase,domain,190-480;
Q9UQB9,Protein kinase,domain,43-293;
Q13315,Protein kinase,domain,
P36896,Protein kinase,domain,207-497;
Q8NER5,Protein kinase,domain,195-485;
P31751,Protein kinase,domain,152-409;
Q86TB3,Protein kinase,domain,
P10398,Protein kinase,domain,310-570;
P36894,Protein kinase,domain,234-525;
Q06187,Protein kinase,domain,402-655;
O43683,Protein kinase,domain,787-1085;
O60566,Protein kinase,domain,766-1050;
P15056,Protein kinase,domain,457-717;
Q8IWQ3,Protein kinase,domain,19-270;
P27037,Protein kinase,domain,192-485;
P51813,Protein kinase,domain,417-675;
Q8TDC3,Protein kinase,domain,34-285;
Q13873,Protein kinase,domain,203-504;
Q8NCB2,Protein kinase,domain,24-286;
Q96L96,Protein kinase,domain,
Q9NVF9,Protein kinase,domain,
Q9HBU6,Protein kinase,domain,
P29317,Protein kinase,domain,613-875;
P29320,Protein kinase,domain,621-882;
P54760,Protein kinase,domain,615-899;
P00533,Protein kinase,domain,712-979;
Q92630,Protein kinase,domain,222-535;
Q9BQI3,Protein kinase,domain,167-583;
Q13627,Protein kinase,domain,159-479;
Q9Y463,Protein kinase,domain,111-431;
O43781,Protein kinase,domain,209-522;
Q9UF33,Protein kinase,domain,631-944;
P21860,Protein kinase,domain,709-966;
Q15303,Protein kinase,domain,718-985;
O15075,Protein kinase,domain,390-647;
Q16760,Protein kinase,domain,
Q9C098,Protein kinase,domain,356-613;
Q5KSL6,Protein kinase,domain,
O14578,Protein kinase,domain,97-360;
Q16832,Protein kinase,domain,563-849;
Q08345,Protein kinase,domain,610-905;
P23743,Protein kinase,domain,
Q86XP1,Protein kinase,domain,
Q13574,Protein kinase,domain,
Q14289,Protein kinase,domain,425-683;
Q7L8L6,Protein kinase,domain,
P36888,Protein kinase,domain,610-943;
Q969Z0,Protein kinase,domain,
Q14296,Protein kinase,domain,
P22455,Protein kinase,domain,467-755;
Q9NYY8,Protein kinase,domain,
Q14CZ7,Protein kinase,domain,
P07332,Protein kinase,domain,561-822;
P11362,Protein kinase,domain,478-767;
P42685,Protein kinase,domain,234-491;
P09769,Protein kinase,domain,263-516;
Q9H479,Protein kinase,domain,
P06241,Protein kinase,domain,271-524;
P42772,Protein kinase,domain,
P55273,Protein kinase,domain,
P35790,Protein kinase,domain,
P49759,Protein kinase,domain,161-477;
Q5EBM0,Protein kinase,domain,
P21127,Protein kinase,domain,438-723;
Q9HAZ1,Protein kinase,domain,159-475;
Q96D53,Protein kinase,domain,191-423;
P08069,Protein kinase,domain,999-1274;
P57058,Protein kinase,domain,62-320;
Q8TF76,Protein kinase,domain,484-798;
Q9UPZ9,Protein kinase,domain,4-284;
Q8IVS8,Protein kinase,domain,
P32298,Protein kinase,domain,187-449;
P34947,Protein kinase,domain,186-448;
Q14410,Protein kinase,domain,
P32189,Protein kinase,domain,
Q01415,Protein kinase,domain,
Q8WTQ7,Protein kinase,domain,191-454;
Q8IU85,Protein kinase,domain,23-279;
Q96NX5,Protein kinase,domain,23-277;
Q13554,Protein kinase,domain,14-272;
P52333,Protein kinase,domain,521-781;822-1111;
Q9Y6K8,Protein kinase,domain,
P54819,Protein kinase,domain,
O60229,Protein kinase,domain,2684-2938;
P10644,Protein kinase,domain,
Q9UIJ7,Protein kinase,domain,
P30085,Protein kinase,domain,
P14616,Protein kinase,domain,979-1254;
P06213,Protein kinase,domain,1023-1298;
O43187,Protein kinase,domain,210-489;
Q9Y616,Protein kinase,domain,165-452;
P23458,Protein kinase,domain,583-855;875-1153;
O60674,Protein kinase,domain,545-809;849-1124;
P00568,Protein kinase,domain,
Q96M32,Protein kinase,domain,
P27144,Protein kinase,domain,
Q9Y3D8,Protein kinase,domain,
P22694,Protein kinase,domain,44-298;
P22612,Protein kinase,domain,44-298;
P31321,Protein kinase,domain,
P13861,Protein kinase,domain,
P31323,Protein kinase,domain,
Q13557,Protein kinase,domain,14-272;
Q16774,Protein kinase,domain,
P51617,Protein kinase,domain,212-521;
Q08881,Protein kinase,domain,363-615;
Q96MA6,Protein kinase,domain,
Q13555,Protein kinase,domain,14-272;
Q03426,Protein kinase,domain,
Q5TCS8,Protein kinase,domain,
Q16566,Protein kinase,domain,46-300;
Q14012,Protein kinase,domain,20-276;
Q6P2M8,Protein kinase,domain,15-270;
Q9UQM7,Protein kinase,domain,13-271;
P04183,Protein kinase,domain,
Q96RR4,Protein kinase,domain,165-446;
P07948,Protein kinase,domain,247-501;
Q56UN5,Protein kinase,domain,1061-1324;
Q12851,Protein kinase,domain,16-273;
Q8IVH8,Protein kinase,domain,16-273;
Q13976,Protein kinase,domain,360-619;
P05771,Protein kinase,domain,342-600;
Q15139,Protein kinase,domain,583-839;
O94806,Protein kinase,domain,576-832;
P30613,Protein kinase,domain,
O95835,Protein kinase,domain,705-1010;
Q96Q04,Protein kinase,domain,133-411;
O95819,Protein kinase,domain,25-289;
Q6ZMQ8,Protein kinase,domain,125-395;
P53667,Protein kinase,domain,339-604;
Q9BZL6,Protein kinase,domain,551-807;
P23919,Protein kinase,domain,
P53671,Protein kinase,domain,331-608;
P29376,Protein kinase,domain,510-786;
Q6VAB6,Protein kinase,domain,666-931;
Q13418,Protein kinase,domain,193-446;
Q9NWZ3,Protein kinase,domain,186-454;
Q8N4C8,Protein kinase,domain,25-289;
P00540,Protein kinase,domain,60-341;
Q9UQ07,Protein kinase,domain,4-285;
Q12866,Protein kinase,domain,587-858;
Q8NB16,Protein kinase,domain,194-469;
P08581,Protein kinase,domain,1078-1345;
P42679,Protein kinase,domain,235-482;
Q92918,Protein kinase,domain,17-274;
Q38SD2,Protein kinase,domain,1242-1525;
Q5S007,Protein kinase,domain,1879-2138;
P20794,Protein kinase,domain,4-284;
P49137,Protein kinase,domain,64-325;
Q16644,Protein kinase,domain,44-304;
Q8IW41,Protein kinase,domain,22-304;
Q7KZI7,Protein kinase,domain,53-304;
P27448,Protein kinase,domain,56-307;
O60307,Protein kinase,domain,367-640;
Q9P0L2,Protein kinase,domain,60-311;
Q9Y4K4,Protein kinase,domain,20-277;
Q9Y2H9,Protein kinase,domain,374-647;
Q6P0Q8,Protein kinase,domain,512-785;
O15021,Protein kinase,domain,570-843;
Q14680,Protein kinase,domain,11-263;
Q8IWU2,Protein kinase,domain,137-407;
Q96L34,Protein kinase,domain,59-310;
P10721,Protein kinase,domain,589-937;
Q8N5S9,Protein kinase,domain,128-409;
P24723,Protein kinase,domain,355-614;
Q8IVT5,Protein kinase,domain,613-883;
P46019,Protein kinase,domain,
Q93100,Protein kinase,domain,
P17252,Protein kinase,domain,339-597;
P11801,Protein kinase,domain,98-355;
Q02156,Protein kinase,domain,408-668;
P43405,Protein kinase,domain,371-631;
P17612,Protein kinase,domain,44-298;
Q8N752,Protein kinase,domain,17-285;
P14618,Protein kinase,domain,
P06239,Protein kinase,domain,245-498;
Q96QS6,Protein kinase,domain,63-320;
Q9HA64,Protein kinase,domain,
Q9NRM7,Protein kinase,domain,668-973;
Q13237,Protein kinase,domain,453-711;
P46020,Protein kinase,domain,
P41743,Protein kinase,domain,254-522;
Q04759,Protein kinase,domain,380-634;
Q05513,Protein kinase,domain,252-518;
P50053,Protein kinase,domain,
P05129,Protein kinase,domain,351-614;
Q05655,Protein kinase,domain,349-603;
O14976,Protein kinase,domain,40-314;
Q9H2X6,Protein kinase,domain,199-527;
Q86Z02,Protein kinase,domain,190-518;
Q8N0W3,Protein kinase,domain,
P43250,Protein kinase,domain,186-448;
Q9H422,Protein kinase,domain,197-525;
Q8NE63,Protein kinase,domain,11-347;
Q9BUB5,Protein kinase,domain,49-374;
Q9HBH9,Protein kinase,domain,84-388;
Q6DT37,Protein kinase,domain,71-337;
Q9Y5S2,Protein kinase,domain,76-342;
O15146,Protein kinase,domain,575-856;
P42345,Protein kinase,domain,
Q5VT25,Protein kinase,domain,77-343;
Q86TW2,Protein kinase,domain,155-467;
P31749,Protein kinase,domain,150-408;
Q7Z695,Protein kinase,domain,200-618;
Q16671,Protein kinase,domain,203-518;
P55263,Protein kinase,domain,
Q8NFD2,Protein kinase,domain,22-289;
P25098,Protein kinase,domain,191-453;
P35626,Protein kinase,domain,191-453;
Q9UM73,Protein kinase,domain,1116-1392;
Q96QP1,Protein kinase,domain,
Q6IQ55,Protein kinase,domain,21-284;
Q9BZX2,Protein kinase,domain,
Q8IYT8,Protein kinase,domain,9-271;
P35916,Protein kinase,domain,845-1173;
Q6SA08,Protein kinase,domain,25-293;
Q8TAS1,Protein kinase,domain,23-304;
P17948,Protein kinase,domain,827-1158;
P35968,Protein kinase,domain,834-1162;
Q96C45,Protein kinase,domain,4-280;
P43403,Protein kinase,domain,338-600;
P08631,Protein kinase,domain,262-515;
Q14409,Protein kinase,domain,
Q6ZS86,Protein kinase,domain,
P51570,Protein kinase,domain,
Q96GX5,Protein kinase,domain,35-835;
P49840,Protein kinase,domain,119-403;
P49841,Protein kinase,domain,56-340;
Q8IWB6,Protein kinase,domain,227-518;
Q99986,Protein kinase,domain,37-317;
Q9H4A3,Protein kinase,domain,221-479;
Q9BXA7,Protein kinase,domain,12-272;
Q9BXA6,Protein kinase,domain,12-267;
P29597,Protein kinase,domain,589-875;897-1176;
Q86Y07,Protein kinase,domain,29-319;
Q9Y3S1,Protein kinase,domain,195-453;
O75191,Protein kinase,domain,
Q8IV63,Protein kinase,domain,166-457;
Q96J92,Protein kinase,domain,174-432;
P07947,Protein kinase,domain,277-530;
P30291,Protein kinase,domain,299-569;
P0C1S8,Protein kinase,domain,212-486;
Q9BYP7,Protein kinase,domain,147-405;
O75385,Protein kinase,domain,16-278;
Q9BX84,Protein kinase,domain,
Q96QT4,Protein kinase,domain,
Q96PN8,Protein kinase,domain,10-265;
P33981,Protein kinase,domain,525-791;
Q9HA47,Protein kinase,domain,
P30530,Protein kinase,domain,536-807;
P42681,Protein kinase,domain,271-527;
Q06418,Protein kinase,domain,518-790;
Q6PHR2,Protein kinase,domain,14-270;
Q9NWZ5,Protein kinase,domain,
D3DSX2,Protein kinase,domain,42-331;
Q541P7,Protein kinase,domain,615-899;
Q5JY90,Protein kinase,domain,166-479;
Q499G7,Protein kinase,domain,25-313;
B7Z6U2,Protein kinase,domain,20-279;
A8MPP7,Protein kinase,domain,37-490;
A8K869,Protein kinase,domain,191-453;
A8K8B7,Protein kinase,domain,
B6D4Y6,Protein kinase,domain,1116-1392;
H3BR70,Protein kinase,domain,
H3BVG6,Protein kinase,domain,208-484;
A8K0I1,Protein kinase,domain,
B2RA70,Protein kinase,domain,277-530;
B4DGP5,Protein kinase,domain,139-420;
B7Z340,Protein kinase,domain,32-194;
Q9BRS0,Protein kinase,domain,67-328;
J3QLU9,Protein kinase,domain,720-987;
A6NIT2,Protein kinase,domain,
B7ZL83,Protein kinase,domain,
M1V485,Protein kinase,domain,871-1148;
Q2TTR7,Protein kinase,domain,712-979;
A8K0W0,Protein kinase,domain,23-277;
B4DL04,Protein kinase,domain,291-553;
F5H7Y7,Protein kinase,domain,
B4DHU6,Protein kinase,domain,44-325;
K7ENH3,Protein kinase,domain,
F8WCQ3,Protein kinase,domain,13-188;
E7EVR7,Protein kinase,domain,367-656;
A4D150,Protein kinase,domain,92-407;
E9PKQ3,Protein kinase,domain,9-206;
E9PPF2,Protein kinase,domain,589-921;
J3QRU1,Protein kinase,domain,282-535;
B4DHB3,Protein kinase,domain,Not In XML File!
E9PBE1,Protein kinase,domain,65-331;
Q8NI15,Protein kinase,domain,435-724;
G3V2D1,Protein kinase,domain,49-219;
L7RRS0,Protein kinase,domain,Not In XML File!
B7ZM86,Protein kinase,domain,Not In XML File!
J3KTD6,Protein kinase,domain,77-228;
A0A141AXF6,Protein kinase,domain,347-627;
B6EXY4,Protein kinase,domain,128-404;
Q53EZ9,Protein kinase,domain,64-325;
E9PF63,Protein kinase,domain,1-111;
A8K3B6,Protein kinase,domain,195-449;
B3KX59,Protein kinase,domain,
Q59FM9,Protein kinase,domain,579-851;
A0A0S2Z392,Protein kinase,domain,191-453;
Q15850,Protein kinase,domain,87-379;
N0E650,Protein kinase,domain,
F0UY66,Protein kinase,domain,1116-1392;
B4DQP7,Protein kinase,domain,180-443;
B2RC06,Protein kinase,domain,77-327;
F8WDJ8,Protein kinase,domain,
Q4LE65,Protein kinase,domain,
B2R7K0,Protein kinase,domain,186-448;
A0A141AXF4,Protein kinase,domain,392-672;
B4E123,Protein kinase,domain,336-622;644-923;
A8K9G9,Protein kinase,domain,Not In XML File!
Q5H8Y1,Protein kinase,domain,1939-2216;
H0YJH4,Protein kinase,domain,
A8K9I1,Protein kinase,domain,23-283;
C9JNF6,Protein kinase,domain,Not In XML File!
F8W9W0,Protein kinase,domain,512-773;
Q5QPD4,Protein kinase,domain,133-271;
I1X3U7,Protein kinase,domain,189-465;
H0Y871,Protein kinase,domain,
B7Z7K5,Protein kinase,domain,65-331;
Q53SE4,Protein kinase,domain,
F5H369,Protein kinase,domain,
A0A2D3C335,Protein kinase,domain,133-400;
A0A0S2Z566,Protein kinase,domain,4-267;
F8WBA3,Protein kinase,domain,591-847;
Q6ZMN5,Protein kinase,domain,77-339;
B0QY35,Protein kinase,domain,9-277;
Q6NSZ4,Protein kinase,domain,20-291;
Q59FH1,Protein kinase,domain,
Q6FG83,Protein kinase,domain,33-293;
A8K379,Protein kinase,domain,247-501;
B4DFW6,Protein kinase,domain,Not In XML File!
Q5T9B7,Protein kinase,domain,
B4DQ16,Protein kinase,domain,Not In XML File!
B4DQ79,Protein kinase,domain,158-412;
Q8N291,Protein kinase,domain,Not In XML File!
F8W9W2,Protein kinase,domain,186-414;
E9PM19,Protein kinase,domain,404-690;712-991;
B4E2H2,Protein kinase,domain,
H0YA20,Protein kinase,domain,
Q59G02,Protein kinase,domain,106-387;
B4DQC6,Protein kinase,domain,Not In XML File!
B3KQJ1,Protein kinase,domain,48-308;
B7Z301,Protein kinase,domain,Not In XML File!
A0A059VC25,Protein kinase,domain,423-681;
K7ER95,Protein kinase,domain,13-270;
M1VE83,Protein kinase,domain,241-518;
B2R8Z2,Protein kinase,domain,44-304;
C9J1X3,Protein kinase,domain,158-417;
B2R6D7,Protein kinase,domain,39-324;
E9PQQ8,Protein kinase,domain,
B2R9L6,Protein kinase,domain,19-315;
H0Y3C5,Protein kinase,domain,261-514;
E9PFX6,Protein kinase,domain,
B7Z537,Protein kinase,domain,39-323;
Q53SF4,Protein kinase,domain,1-146;
Q658W2,Protein kinase,domain,444-702;
E9PNL8,Protein kinase,domain,
B4DXU2,Protein kinase,domain,111-374;
B2R841,Protein kinase,domain,53-305;
Q1WIQ9,Protein kinase,domain,Not In XML File!
A0A2H4FYY8,Protein kinase,domain,113-405;
A0A0A0MSB3,Protein kinase,domain,Not In XML File!
A8K4G3,Protein kinase,domain,242-495;
B7Z5K4,Protein kinase,domain,83-340;
Q53EL3,Protein kinase,domain,195-448;
A0A1B0RPQ4,Protein kinase,domain,478-767;
Q8TAM4,Protein kinase,domain,
I3L213,Protein kinase,domain,
C7DUW4,Protein kinase,domain,64-325;
B2R8K8,Protein kinase,domain,34-299;
A6PVV8,Protein kinase,domain,
J7M8C2,Protein kinase,domain,113-405;
A6P4T4,Protein kinase,domain,555-831;
A0A075EKM8,Protein kinase,domain,749-1025;
F6SF04,Protein kinase,domain,Not In XML File!
Q96GA5,Protein kinase,domain,64-345;
B4DZX1,Protein kinase,domain,Not In XML File!
B2RDR6,Protein kinase,domain,235-482;
A0A0S2Z3Y8,Protein kinase,domain,245-498;
J3KR66,Protein kinase,domain,91-362;
Q2VJ45,Protein kinase,domain,386-678;
A0A087X209,Protein kinase,domain,91-384;
J7MA22,Protein kinase,domain,625-901;
J3KT86,Protein kinase,domain,9-242;
B4DXN7,Protein kinase,domain,205-457;
M1VE91,Protein kinase,domain,1018-1310;
B4DLF9,Protein kinase,domain,33-291;
F5GWN5,Protein kinase,domain,
Q4W5L5,Protein kinase,domain,141-398;
Q59GE2,Protein kinase,domain,
Q5U5J2,Protein kinase,domain,39-324;
Q4LE69,Protein kinase,domain,
B7Z2I3,Protein kinase,domain,659-926;
H3BQ89,Protein kinase,domain,
B4DJZ5,Protein kinase,domain,21-181;
B2RD76,Protein kinase,domain,166-419;
B4DWQ3,Protein kinase,domain,Not In XML File!
Q59ET9,Protein kinase,domain,
Q8WUW7,Protein kinase,domain,Not In XML File!
V9HW00,Protein kinase,domain,17-285;
H3BV13,Protein kinase,domain,
G9BXQ3,Protein kinase,domain,116-377;
A0A087WZT9,Protein kinase,domain,98-353;
B4DRX6,Protein kinase,domain,Not In XML File!
I3L136,Protein kinase,domain,101-274;
Q0IJ40,Protein kinase,domain,30-185;
Q8IXP2,Protein kinase,domain,542-806;846-1123;
B2R9M7,Protein kinase,domain,408-668;
E9PIA0,Protein kinase,domain,37-166;
A0A087WY58,Protein kinase,domain,4-257;
B3KU24,Protein kinase,domain,43-266;
Q59FF7,Protein kinase,domain,
A0A024R6N2,Protein kinase,domain,76-342;
A0A024R567,Protein kinase,domain,16-273;
A0A0U1RQY7,Protein kinase,domain,44-315;
L7RSM7,Protein kinase,domain,339-597;
A0A2R8Y644,Protein kinase,domain,15-239;
X5D2G8,Protein kinase,domain,473-762;
A0A0A0MS54,Protein kinase,domain,50-304;
A0A0B4J1T8,Protein kinase,domain,725-1038;
B1APG3,Protein kinase,domain,50-264;
A0A024RDL4,Protein kinase,domain,20-288;
A0A2K8FKT1,Protein kinase,domain,Not In XML File!
X6RHF8,Protein kinase,domain,8-191;
B2R5T1,Protein kinase,domain,351-614;
B3KUN5,Protein kinase,domain,76-342;
B4DXG0,Protein kinase,domain,
Q9UPJ8,Protein kinase,domain,74-334;
Q59FA7,Protein kinase,domain,79-337;
J3QKW1,Protein kinase,domain,134-369;
A0A140VKG0,Protein kinase,domain,
E9KL49,Protein kinase,domain,
C9J5X1,Protein kinase,domain,
W8DXU8,Protein kinase,domain,244-461;
A8MYT4,Protein kinase,domain,
A0A1S5UZ27,Protein kinase,domain,495-778;
A0A087WVK0,Protein kinase,domain,131-447;
A0A140VKC1,Protein kinase,domain,
Q9BRL4,Protein kinase,domain,117-398;
A0A0B4J2B1,Protein kinase,domain,
B4DYW1,Protein kinase,domain,
C9JYX0,Protein kinase,domain,
I6W807,Protein kinase,domain,21-291;
A3QNQ0,Protein kinase,domain,244-544;
H0YCW3,Protein kinase,domain,
B2RCZ4,Protein kinase,domain,245-513;
H0Y4W2,Protein kinase,domain,
B5BU64,Protein kinase,domain,49-333;
Q53HM1,Protein kinase,domain,Not In XML File!
B9EIS4,Protein kinase,domain,190-455;
A0A0A0MSE1,Protein kinase,domain,692-959;
W8DY43,Protein kinase,domain,244-353;
A0A0G2JR38,Protein kinase,domain,Not In XML File!
Q6NSL2,Protein kinase,domain,299-569;
Q59FL1,Protein kinase,domain,192-482;
A0A140VK97,Protein kinase,domain,165-446;
E9PJN1,Protein kinase,domain,33-301;404-667;
O00334,Protein kinase,domain,Not In XML File!
J3QR41,Protein kinase,domain,36-172;
F2Z2J1,Protein kinase,domain,84-343;440-697;
M0R386,Protein kinase,domain,
Q8NI16,Protein kinase,domain,437-726;
Q86V29,Protein kinase,domain,299-569;
D2JYI1,Protein kinase,domain,269-569;
B3KTM4,Protein kinase,domain,Not In XML File!
A0A0A0MSY3,Protein kinase,domain,9-258;
D1MAM2,Protein kinase,domain,1116-1392;
E7EWQ4,Protein kinase,domain,
W0S0X4,Protein kinase,domain,563-816;
B5BU32,Protein kinase,domain,
B6D4Y1,Protein kinase,domain,1116-1392;
A0A024R8A6,Protein kinase,domain,45-310;
D1MAM5,Protein kinase,domain,1116-1392;
B4DDM0,Protein kinase,domain,47-308;
A0A0S2Z2Y3,Protein kinase,domain,208-351;
Q15300,Protein kinase,domain,248-540;
V5YQU3,Protein kinase,domain,393-673;
B4DH13,Protein kinase,domain,117-375;
Q5T0D2,Protein kinase,domain,
Q96QW8,Protein kinase,domain,
M1VPF4,Protein kinase,domain,323-600;
C9JAM9,Protein kinase,domain,
Q16715,Protein kinase,domain,Not In XML File!
B4DW95,Protein kinase,domain,4-258;
Q05D26,Protein kinase,domain,241-500;
B6D4Y7,Protein kinase,domain,1116-1392;
F8W1R9,Protein kinase,domain,209-383;
B5BUJ8,Protein kinase,domain,44-304;
B3KVF3,Protein kinase,domain,9-325;
V9HW85,Protein kinase,domain,Not In XML File!
B1AKQ2,Protein kinase,domain,
Q59F30,Protein kinase,domain,699-987;
Q2TU65,Protein kinase,domain,18-294;
E5RI85,Protein kinase,domain,4-151;
A0A0S2Z3I6,Protein kinase,domain,191-453;
A0A1B0GTR9,Protein kinase,domain,545-710;
M1VKJ2,Protein kinase,domain,860-1152;
A8K8M5,Protein kinase,domain,187-449;
Q6PJ60,Protein kinase,domain,
M1VRN0,Protein kinase,domain,587-879;
A0A0B5HR54,Protein kinase,domain,208-502;
B4DDL4,Protein kinase,domain,Not In XML File!
B3KUS6,Protein kinase,domain,4-288;
A0A2D3C337,Protein kinase,domain,100-367;
B4DDL9,Protein kinase,domain,4-226;
F8TLW0,Protein kinase,domain,724-1016;
F8W0N2,Protein kinase,domain,
J7MDF2,Protein kinase,domain,113-405;
A0A0C4DGF9,Protein kinase,domain,
Q59HC4,Protein kinase,domain,
B7Z8F6,Protein kinase,domain,
G9JXB8,Protein kinase,domain,976-1239;
A0A141AXF1,Protein kinase,domain,393-673;
Q53SV1,Protein kinase,domain,208-355;
A0A0P0IT07,Protein kinase,domain,218-485;
Q548C2,Protein kinase,domain,538-807;
Q4LE51,Protein kinase,domain,
B6D4Y5,Protein kinase,domain,1116-1392;
B4E1N6,Protein kinase,domain,134-394;
D7PBN4,Protein kinase,domain,20-280;
E9PEI4,Protein kinase,domain,50-308;
L7RTI5,Protein kinase,domain,408-668;
M1VRN1,Protein kinase,domain,860-1152;
Q9HBS4,Protein kinase,domain,122-401;
B4DYV1,Protein kinase,domain,396-660;700-977;
B4DER5,Protein kinase,domain,55-336;
D1MAM0,Protein kinase,domain,1116-1392;
B2R757,Protein kinase,domain,20-288;
J3KPQ0,Protein kinase,domain,399-687;
B4E1H9,Protein kinase,domain,Not In XML File!
I3NHZ9,Protein kinase,domain,
Q59FX2,Protein kinase,domain,82-326;
A8K4G2,Protein kinase,domain,371-631;
Q6ZT25,Protein kinase,domain,
B4DKW0,Protein kinase,domain,484-763;
H0Y9K2,Protein kinase,domain,Not In XML File!
A0A0C4DFZ9,Protein kinase,domain,292-554;
Q7Z531,Protein kinase,domain,Not In XML File!
B6EXY3,Protein kinase,domain,593-869;
B7Z7D1,Protein kinase,domain,1-271;
E7EU09,Protein kinase,domain,389-678;
W0S1J7,Protein kinase,domain,599-852;
A0A024RA53,Protein kinase,domain,61-321;
A0A1W2PPB5,Protein kinase,domain,180-481;
Q6LAJ4,Protein kinase,domain,Not In XML File!
A0A0U1RR14,Protein kinase,domain,44-183;
B4DSG9,Protein kinase,domain,Not In XML File!
A0A141AXF7,Protein kinase,domain,373-653;
W8DXL6,Protein kinase,domain,
F5H6Z0,Protein kinase,domain,139-420;
H3BP07,Protein kinase,domain,24-254;
A0A141AXF0,Protein kinase,domain,391-671;
B4DJP1,Protein kinase,domain,15-221;
Q5TBG7,Protein kinase,domain,45-219;
E9PDN7,Protein kinase,domain,
D6RHX8,Protein kinase,domain,186-448;
X5DR71,Protein kinase,domain,504-775;
C9J345,Protein kinase,domain,
B4DFX4,Protein kinase,domain,Not In XML File!
A0A0S2Z485,Protein kinase,domain,
A0A024R8E2,Protein kinase,domain,242-493;
A0A0B4J203,Protein kinase,domain,353-714;
H7C527,Protein kinase,domain,
Q5U0D0,Protein kinase,domain,36-291;
A8K245,Protein kinase,domain,37-317;
A0A0S2Z345,Protein kinase,domain,208-443;
Q5TBG1,Protein kinase,domain,45-207;
A0A1W2PS05,Protein kinase,domain,
Q96AD6,Protein kinase,domain,186-448;
B4DV85,Protein kinase,domain,176-436;
Q59ED6,Protein kinase,domain,37-289;
A0A024RD25,Protein kinase,domain,38-290;
A9UF07,Protein kinase,domain,902-1153;
A8K3Z4,Protein kinase,domain,507-778;
B4DPM0,Protein kinase,domain,Not In XML File!
A9YLN5,Protein kinase,domain,322-599;
Q9BTS4,Protein kinase,domain,
Q9NRL6,Protein kinase,domain,131-447;
B7Z6W7,Protein kinase,domain,197-450;
A6P4V4,Protein kinase,domain,806-1082;
B6EXY5,Protein kinase,domain,167-443;
A0A0S2Z2Y4,Protein kinase,domain,98-388;
B5BUG9,Protein kinase,domain,234-525;
E3WH17,Protein kinase,domain,310-586;
F2YGG7,Protein kinase,domain,667-934;
B2RBS0,Protein kinase,domain,
B4DRT3,Protein kinase,domain,Not In XML File!
A0A0U1RQT7,Protein kinase,domain,44-315;
A8K910,Protein kinase,domain,545-809;849-1126;
J3KNN3,Protein kinase,domain,24-295;
B2R747,Protein kinase,domain,46-300;
M1V481,Protein kinase,domain,736-1012;
B4DG55,Protein kinase,domain,Not In XML File!
E5RGN0,Protein kinase,domain,165-393;
F5H049,Protein kinase,domain,25-313;
H7BYT1,Protein kinase,domain,9-277;
I6L994,Protein kinase,domain,
Q5JXL9,Protein kinase,domain,4-142;
B4DSP3,Protein kinase,domain,
B4DFV1,Protein kinase,domain,276-530;
B9EG64,Protein kinase,domain,159-475;
A0A0J9YXB6,Protein kinase,domain,1-99;
B4DMZ0,Protein kinase,domain,116-370;
Q6FHG1,Protein kinase,domain,64-325;
A0A097ZMP4,Protein kinase,domain,299-591;
C9JB09,Protein kinase,domain,15-224;
B4DLK2,Protein kinase,domain,Not In XML File!
E9PJI4,Protein kinase,domain,9-170;
A0A024R5Z9,Protein kinase,domain,
H0YNK6,Protein kinase,domain,473-745;
B4DLX6,Protein kinase,domain,Not In XML File!
L7RSL3,Protein kinase,domain,827-1158;
M1VKI3,Protein kinase,domain,344-621;
A9CB80,Protein kinase,domain,712-979;
B3XZM0,Protein kinase,domain,292-568;
K7EKH3,Protein kinase,domain,
A0A1G4P1I6,Protein kinase,domain,307-669;
A0A141AXF2,Protein kinase,domain,268-548;
M1VE86,Protein kinase,domain,903-1180;
E7EM72,Protein kinase,domain,
M0R0W6,Protein kinase,domain,268-539;
A0A087X203,Protein kinase,domain,4-257;
Q6ZNI2,Protein kinase,domain,39-297;
W0S0D3,Protein kinase,domain,51-304;
Q1WIR0,Protein kinase,domain,Not In XML File!
J3KPD6,Protein kinase,domain,
B4DX16,Protein kinase,domain,65-315;
K7EIV6,Protein kinase,domain,
E7EU96,Protein kinase,domain,39-324;
B5BUJ6,Protein kinase,domain,49-333;
E9PRV7,Protein kinase,domain,191-408;
F8VXZ5,Protein kinase,domain,59-114;
B6D4Y2,Protein kinase,domain,1116-1392;
M1VPF6,Protein kinase,domain,404-681;
B3KPS5,Protein kinase,domain,156-418;
B4DUD9,Protein kinase,domain,543-804;
A9UF02,Protein kinase,domain,756-1007;
Q24M88,Protein kinase,domain,
B2RDI6,Protein kinase,domain,117-379;
V5YQL4,Protein kinase,domain,393-673;
Q86XZ8,Protein kinase,domain,76-342;
D9ZGF8,Protein kinase,domain,76-338;
A0A087X0I9,Protein kinase,domain,344-598;
J3KRA9,Protein kinase,domain,
E7EN07,Protein kinase,domain,28-318;
Q504U3,Protein kinase,domain,Not In XML File!
Q59FU4,Protein kinase,domain,
K7ELV5,Protein kinase,domain,4-164;
A8KA75,Protein kinase,domain,Not In XML File!
Q05DL3,Protein kinase,domain,17-232;
B2R8Z4,Protein kinase,domain,417-675;
I3L112,Protein kinase,domain,
B4E0L4,Protein kinase,domain,Not In XML File!
B4DI23,Protein kinase,domain,55-347;
Q16176,Protein kinase,domain,194-440;
Q6FG98,Protein kinase,domain,33-293;
A8K7G8,Protein kinase,domain,156-472;
I3L0Z1,Protein kinase,domain,
B3KWD9,Protein kinase,domain,Not In XML File!
A0A140VK93,Protein kinase,domain,
H3BTW6,Protein kinase,domain,24-266;
B1AKP8,Protein kinase,domain,
B7ZLY6,Protein kinase,domain,Not In XML File!
Q68E11,Protein kinase,domain,
C1PHA1,Protein kinase,domain,601-877;
A0A023PX70,Protein kinase,domain,93-340;
C9JDA4,Protein kinase,domain,4-254;
Q53HA9,Protein kinase,domain,589-822;
A0JLT6,Protein kinase,domain,36-292;
A9YLN7,Protein kinase,domain,292-568;
B4DZI3,Protein kinase,domain,Not In XML File!
Q2M589,Protein kinase,domain,
A0A0A0MR25,Protein kinase,domain,481-770;
I6MBV4,Protein kinase,domain,655-1017;
A0A024RB77,Protein kinase,domain,4-286;
C1PHA0,Protein kinase,domain,578-854;
M1VPF7,Protein kinase,domain,587-879;
Q53TE4,Protein kinase,domain,66-344;
A0A024QZP7,Protein kinase,domain,4-287;
B1AVT0,Protein kinase,domain,161-477;
Q573B4,Protein kinase,domain,238-505;
A0A024R603,Protein kinase,domain,23-285;
A0A024R8R3,Protein kinase,domain,32-314;
B4E1Q4,Protein kinase,domain,
Q8N433,Protein kinase,domain,191-387;
A0A140VJJ0,Protein kinase,domain,621-882;
B3KVH4,Protein kinase,domain,150-408;
H0Y8F1,Protein kinase,domain,91-361;
A0A087WVC4,Protein kinase,domain,31-285;
B4DHN0,Protein kinase,domain,13-301;
C9JUK9,Protein kinase,domain,55-241;
A8K2T6,Protein kinase,domain,624-884;
B5MBY2,Protein kinase,domain,
A0A2P9DU05,Protein kinase,domain,92-354;
A0A2R8Y4H0,Protein kinase,domain,39-256;
A8K8B9,Protein kinase,domain,36-290;
F8VY04,Protein kinase,domain,
A0A024R807,Protein kinase,domain,162-419;
B1APG0,Protein kinase,domain,47-206;
A0A2P9AQQ5,Protein kinase,domain,Not In XML File!
Q5T0B5,Protein kinase,domain,489-770;
Q68D16,Protein kinase,domain,24-308;
A0A0S2Z310,Protein kinase,domain,202-492;
A0A0A0MRJ0,Protein kinase,domain,77-343;
A0A2P9AGZ6,Protein kinase,domain,Not In XML File!
A0A2R8YFJ4,Protein kinase,domain,
A0A2R8YD28,Protein kinase,domain,223-456;
E9PHX8,Protein kinase,domain,411-682;
D6REE7,Protein kinase,domain,92-354;
H7C5C3,Protein kinase,domain,Not In XML File!
B1APF8,Protein kinase,domain,40-214;
H7BXS4,Protein kinase,domain,14-272;
B4DH54,Protein kinase,domain,Not In XML File!
Q59EB0,Protein kinase,domain,929-1257;
E9PG71,Protein kinase,domain,621-882;
A0A2R8Y4D6,Protein kinase,domain,39-207;
U3KQA5,Protein kinase,domain,44-315;
Q15523,Protein kinase,domain,152-411;
Q8IWQ7,Protein kinase,domain,77-343;
B7Z325,Protein kinase,domain,1-311;
B4E2L0,Protein kinase,domain,91-345;
B9EGA7,Protein kinase,domain,77-343;
A0A2P9ANK3,Protein kinase,domain,Not In XML File!
U3KQB3,Protein kinase,domain,44-315;
A8K5U6,Protein kinase,domain,621-882;
J3KP20,Protein kinase,domain,507-778;
A0A2P0XI22,Protein kinase,domain,Not In XML File!
N0E4C7,Protein kinase,domain,
A0A087WZZ9,Protein kinase,domain,4-224;
Q9BRG8,Protein kinase,domain,2-318;
F2Z3C8,Protein kinase,domain,35-285;
A8K8R5,Protein kinase,domain,203-504;
A0A087WZQ5,Protein kinase,domain,242-569;
B4DZS7,Protein kinase,domain,289-525;
B2R928,Protein kinase,domain,20-277;
B5BUF9,Protein kinase,domain,
A8KAE3,Protein kinase,domain,204-494;
M1VE89,Protein kinase,domain,650-942;
A0A2P9AEA1,Protein kinase,domain,Not In XML File!
B7Z9A9,Protein kinase,domain,
A4CYL7,Protein kinase,domain,91-375;
B3KVX5,Protein kinase,domain,Not In XML File!
Q5TGY6,Protein kinase,domain,263-312;
M1V490,Protein kinase,domain,825-1117;
A0A087WZU2,Protein kinase,domain,117-398;
A2VCQ3,Protein kinase,domain,476-749;
B4DZD5,Protein kinase,domain,
Q5XKD4,Protein kinase,domain,
A0A0A0N0M2,Protein kinase,domain,581-853;873-1151;
A8KAM8,Protein kinase,domain,600-962;
A0A1B0GTX4,Protein kinase,domain,13-297;
D2CGD1,Protein kinase,domain,392-681;
A0A2P9AWP5,Protein kinase,domain,Not In XML File!
A0A2K8FKR1,Protein kinase,domain,Not In XML File!
E9PJF0,Protein kinase,domain,42-316;
A0A2P9AQA5,Protein kinase,domain,Not In XML File!
A0A087WSY1,Protein kinase,domain,567-848;
B1AKC9,Protein kinase,domain,616-879;
O75271,Protein kinase,domain,59-340;
A0A2R8Y4U5,Protein kinase,domain,100-355;
A0A2P9AVP9,Protein kinase,domain,Not In XML File!
K7EP59,Protein kinase,domain,49-309;
Q58F15,Protein kinase,domain,621-882;
K7EQN8,Protein kinase,domain,1-153;
E9PD35,Protein kinase,domain,845-1173;
B4DSE0,Protein kinase,domain,563-826;
A0A2R8YDY7,Protein kinase,domain,1-131;
Q6P4R6,Protein kinase,domain,621-882;
C9JXA2,Protein kinase,domain,621-882;
B1APG2,Protein kinase,domain,39-209;
A0A0S2Z4D1,Protein kinase,domain,49-309;
K7ERJ1,Protein kinase,domain,
K7ES68,Protein kinase,domain,150-267;
A0A169TED2,Protein kinase,domain,339-597;
A0A2P9AFA7,Protein kinase,domain,Not In XML File!
A0A2P9AE50,Protein kinase,domain,Not In XML File!
A0A2K8FKV1,Protein kinase,domain,Not In XML File!
X6R8H3,Protein kinase,domain,35-292;
K7ESB6,Protein kinase,domain,29-299;
H0YNV4,Protein kinase,domain,56-178;
A0A2P9AEW8,Protein kinase,domain,Not In XML File!
Q2I0Y7,Protein kinase,domain,39-324;
E9PBE8,Protein kinase,domain,14-168;
I6L9I5,Protein kinase,domain,4-225;
B4DPT9,Protein kinase,domain,1-139;
C9J8E1,Protein kinase,domain,44-304;
C9IYV2,Protein kinase,domain,23-245;
A0A024RBB6,Protein kinase,domain,6-295;
B4DLU8,Protein kinase,domain,Not In XML File!
I6L996,Protein kinase,domain,50-308;
A0A0C4DGC9,Protein kinase,domain,63-391;
E9PJ92,Protein kinase,domain,180-319;
Q8N619,Protein kinase,domain,
F5H5A3,Protein kinase,domain,1-210;
A8K2T7,Protein kinase,domain,712-979;
B4DPV9,Protein kinase,domain,Not In XML File!
A0A0D9SFR6,Protein kinase,domain,
Q58A51,Protein kinase,domain,53-247;
Q59GS6,Protein kinase,domain,
A0A097F6U9,Protein kinase,domain,196-472;
Q53EZ1,Protein kinase,domain,9-277;
Q5TBH1,Protein kinase,domain,45-222;
A0A087WX74,Protein kinase,domain,159-373;
B4DYU4,Protein kinase,domain,Not In XML File!
E7ESI2,Protein kinase,domain,4-226;
B4DIA4,Protein kinase,domain,1-268;
B2RE75,Protein kinase,domain,587-858;
A3KFJ0,Protein kinase,domain,133-347;
Q56A86,Protein kinase,domain,148-405;
X5DNW6,Protein kinase,domain,530-806;
E9PQW4,Protein kinase,domain,42-331;
B7ZA00,Protein kinase,domain,7-261;
B3KP61,Protein kinase,domain,53-310;
H0YD75,Protein kinase,domain,86-375;
E9PR89,Protein kinase,domain,1-311;
B4DVP5,Protein kinase,domain,399-687;
Q53EY8,Protein kinase,domain,Not In XML File!
A0A0U4CQG9,Protein kinase,domain,152-409;
F8WBF5,Protein kinase,domain,161-355;
B4E0D4,Protein kinase,domain,28-318;
F0UY65,Protein kinase,domain,1116-1392;
G3V4E1,Protein kinase,domain,
B7Z951,Protein kinase,domain,
A0A0A0MTJ5,Protein kinase,domain,418-691;
D1MAM4,Protein kinase,domain,1116-1392;
E9PFD7,Protein kinase,domain,667-934;
A0A0S2Z601,Protein kinase,domain,
D3DQ64,Protein kinase,domain,Not In XML File!
A0ZT98,Protein kinase,domain,12-272;
B2RB89,Protein kinase,domain,44-298;
F1T0G6,Protein kinase,domain,235-482;
Q5U045,Protein kinase,domain,9-277;
Q6FGX9,Protein kinase,domain,
A0A024R720,Protein kinase,domain,
A0ZT99,Protein kinase,domain,12-272;
A0A0S2Z3T3,Protein kinase,domain,245-528;
J7M2B1,Protein kinase,domain,456-733;
B5BU53,Protein kinase,domain,19-315;
K7EQY5,Protein kinase,domain,235-481;
B0LPE5,Protein kinase,domain,150-408;
M0R0D0,Protein kinase,domain,13-158;
A0A024QZV1,Protein kinase,domain,82-334;
Q6FI23,Protein kinase,domain,64-325;
B5BU52,Protein kinase,domain,195-449;
A0A0S2Z5B6,Protein kinase,domain,4-273;
A0A024R7M7,Protein kinase,domain,521-781;822-1111;
X5D2R1,Protein kinase,domain,538-828;
A0A0S2Z3T4,Protein kinase,domain,385-674;
Q5SQQ7,Protein kinase,domain,23-279;
A9YLN4,Protein kinase,domain,301-578;
A0A024R7S1,Protein kinase,domain,427-715;
Q5SRQ6,Protein kinase,domain,
B7Z8V7,Protein kinase,domain,
A0A024R2W7,Protein kinase,domain,44-304;
D3DRD5,Protein kinase,domain,498-787;
A0A024R880,Protein kinase,domain,19-315;
A8K7I0,Protein kinase,domain,163-479;
B4DNK4,Protein kinase,domain,
Q9NSQ6,Protein kinase,domain,90-360;
A0A2K8FKQ1,Protein kinase,domain,Not In XML File!
H7C1M9,Protein kinase,domain,27-293;
B6D4Y8,Protein kinase,domain,1116-1392;
B7ZM44,Protein kinase,domain,Not In XML File!
K7ERV3,Protein kinase,domain,
B3KRV2,Protein kinase,domain,9-277;
K7EN18,Protein kinase,domain,20-281;
B2R6F9,Protein kinase,domain,89-382;
K7ERP6,Protein kinase,domain,1-251;
A0A2P9AIB7,Protein kinase,domain,Not In XML File!
N0E638,Protein kinase,domain,
K7ENW5,Protein kinase,domain,
B4DE94,Protein kinase,domain,
A0A2R8Y5A0,Protein kinase,domain,39-287;
A6YR18,Protein kinase,domain,49-309;
A0A2R8YD58,Protein kinase,domain,39-324;
A0A2R8YDP2,Protein kinase,domain,39-287;
Q05DF6,Protein kinase,domain,6-261;
M0R0P9,Protein kinase,domain,90-347;
B4DP99,Protein kinase,domain,144-398;
Q0IJ49,Protein kinase,domain,110-359;
H7C4S5,Protein kinase,domain,14-231;
A0A024R328,Protein kinase,domain,349-603;
A0A2P9AMH4,Protein kinase,domain,Not In XML File!
A0A2R8Y2F6,Protein kinase,domain,
K7ES52,Protein kinase,domain,
A8MT37,Protein kinase,domain,37-321;
K7ELV1,Protein kinase,domain,20-233;
B7Z3W6,Protein kinase,domain,351-614;
A0A2R8Y492,Protein kinase,domain,156-411;
B4DER4,Protein kinase,domain,Not In XML File!
A0A0U2N547,Protein kinase,domain,585-932;
B5BU77,Protein kinase,domain,355-614;
A0A140VJG1,Protein kinase,domain,4-287;
A0A024R7S5,Protein kinase,domain,470-762;
U6FVB0,Protein kinase,domain,341-612;
B4DGX8,Protein kinase,domain,470-762;
A0A024R609,Protein kinase,domain,Not In XML File!
B2R6Q4,Protein kinase,domain,195-449;
Q8IWE0,Protein kinase,domain,13-271;
Q53EW6,Protein kinase,domain,162-419;
A0A024R7J0,Protein kinase,domain,44-298;
Q9HBS3,Protein kinase,domain,49-309;
Q4G1A8,Protein kinase,domain,14-272;
K7EL04,Protein kinase,domain,4-258;
Q2TSD3,Protein kinase,domain,339-597;
A0A2P9A9X3,Protein kinase,domain,Not In XML File!
B2RD19,Protein kinase,domain,
F8VP57,Protein kinase,domain,676-937;
F5H4F6,Protein kinase,domain,20-161;
B1APF9,Protein kinase,domain,32-245;
B1APG1,Protein kinase,domain,31-197;
B5MCD5,Protein kinase,domain,
B1APF7,Protein kinase,domain,48-186;
A0A024R2A0,Protein kinase,domain,333-606;
D3DRD4,Protein kinase,domain,384-673;
A0A024R7T2,Protein kinase,domain,724-1016;
A0A1U9X7J2,Protein kinase,domain,
B4DFY5,Protein kinase,domain,46-339;
A0A090N7W4,Protein kinase,domain,4-286;
N0E6J1,Protein kinase,domain,
A0A024R7E4,Protein kinase,domain,589-875;897-1176;
A0A024RBY6,Protein kinase,domain,Not In XML File!
Q6PJ06,Protein kinase,domain,17-261;
B2RDU6,Protein kinase,domain,
B5BU41,Protein kinase,domain,20-276;
Q1RMG3,Protein kinase,domain,411-682;
Q53QE7,Protein kinase,domain,33-293;
A0A140VJM3,Protein kinase,domain,453-711;
B4DHM5,Protein kinase,domain,Not In XML File!
A0A024R7T1,Protein kinase,domain,470-762;
A0A024QYW7,Protein kinase,domain,32-286;
A0A0G2JM58,Protein kinase,domain,
A0A2P9AQR0,Protein kinase,domain,Not In XML File!
E5RIU6,Protein kinase,domain,4-189;
A1L4Q0,Protein kinase,domain,
N0E466,Protein kinase,domain,
U6FSN9,Protein kinase,domain,1045-1316;
B7ZA25,Protein kinase,domain,33-291;
Q6NUK7,Protein kinase,domain,317-571;
A0A024R728,Protein kinase,domain,1096-1363;
A0A024R273,Protein kinase,domain,348-608;
W0S4B9,Protein kinase,domain,152-405;
B5BUC0,Protein kinase,domain,56-340;
E9PBK7,Protein kinase,domain,13-262;
A0A024QZA8,Protein kinase,domain,613-875;
A0A087WUH9,Protein kinase,domain,68-320;
B4DG79,Protein kinase,domain,90-347;
Q6FHV7,Protein kinase,domain,95-352;
A0A024R048,Protein kinase,domain,
D3DNT9,Protein kinase,domain,591-854;
A0A024R244,Protein kinase,domain,371-631;
Q68DL0,Protein kinase,domain,
A0A2R8YFU2,Protein kinase,domain,39-307;
B7Z9H7,Protein kinase,domain,23-281;
N0E644,Protein kinase,domain,
Q96E92,Protein kinase,domain,18-207;
A0A024R452,Protein kinase,domain,Not In XML File!
Q5SR50,Protein kinase,domain,
B5BUH5,Protein kinase,domain,39-324;
A8K341,Protein kinase,domain,49-333;
B3KNJ3,Protein kinase,domain,13-275;
D6RHC7,Protein kinase,domain,154-253;
M1VPF9,Protein kinase,domain,825-1117;
A0A0S2Z3T9,Protein kinase,domain,387-676;
B4DGF4,Protein kinase,domain,1-193;
A0A140VK35,Protein kinase,domain,
E7ENM8,Protein kinase,domain,433-681;
A9YLN6,Protein kinase,domain,219-496;
I6L972,Protein kinase,domain,29-289;
A0A0S2Z4H5,Protein kinase,domain,269-359;
X5D991,Protein kinase,domain,322-593;
A0A0S2Z562,Protein kinase,domain,4-266;
B2R9M8,Protein kinase,domain,23-283;
A0A141AXF8,Protein kinase,domain,464-744;
H7C565,Protein kinase,domain,
C9J319,Protein kinase,domain,75-215;
I3L1N3,Protein kinase,domain,
A0A024R996,Protein kinase,domain,144-425;
B3KPS6,Protein kinase,domain,219-472;
C9JJ18,Protein kinase,domain,15-226;
B2RAH3,Protein kinase,domain,
B4DTW8,Protein kinase,domain,794-1073;
A0A087WV00,Protein kinase,domain,
J3KPI6,Protein kinase,domain,144-412;
F8VWX7,Protein kinase,domain,6-203;
A0A0S2Z3Y4,Protein kinase,domain,180-447;
A0A024R759,Protein kinase,domain,1078-1345;
A0A087WZL3,Protein kinase,domain,739-1015;
B4DDB3,Protein kinase,domain,Not In XML File!
B4DHW9,Protein kinase,domain,Not In XML File!
H0YM90,Protein kinase,domain,530-705;
A0A141AXF3,Protein kinase,domain,390-670;
Q59FI5,Protein kinase,domain,250-461;
Q5U0C9,Protein kinase,domain,36-291;
K7EL10,Protein kinase,domain,19-198;
F8W1A4,Protein kinase,domain,
B4E041,Protein kinase,domain,Not In XML File!
F8TLS5,Protein kinase,domain,724-1016;
Q4VAU9,Protein kinase,domain,1-271;
Q32MQ5,Protein kinase,domain,117-375;
S4R381,Protein kinase,domain,253-542;
Q5H8Y5,Protein kinase,domain,35-165;
Q8TDJ5,Protein kinase,domain,299-575;
B4DFP8,Protein kinase,domain,4-167;
H3BTZ2,Protein kinase,domain,1-163;
A9UEZ6,Protein kinase,domain,745-996;
M1VRM8,Protein kinase,domain,262-539;
A0A024R7P8,Protein kinase,domain,467-755;
A8K709,Protein kinase,domain,417-675;
A0A0B4J1S8,Protein kinase,domain,
B3KQM3,Protein kinase,domain,18-294;
E7BSV0,Protein kinase,domain,712-979;
H0Y5M6,Protein kinase,domain,1-185;
Q5TBH2,Protein kinase,domain,45-220;
A8K4K4,Protein kinase,domain,44-304;
B4DWB2,Protein kinase,domain,81-343;
M0QYV0,Protein kinase,domain,32-167;
Q506Q0,Protein kinase,domain,545-809;849-1126;
B7Z7J1,Protein kinase,domain,106-366;
H3BPI9,Protein kinase,domain,1-172;
V9HWF4,Protein kinase,domain,Not In XML File!
W8DYI2,Protein kinase,domain,244-319;
B3XZL9,Protein kinase,domain,281-557;
F8VYH9,Protein kinase,domain,6-170;
H3BTN5,Protein kinase,domain,
E9PIX7,Protein kinase,domain,4-259;
Q6ZRA8,Protein kinase,domain,171-429;
B5BUK7,Protein kinase,domain,245-513;
B3KUU7,Protein kinase,domain,83-399;
B4DH44,Protein kinase,domain,79-344;
A8MTF1,Protein kinase,domain,
B2R8C2,Protein kinase,domain,234-491;
Q4LDX3,Protein kinase,domain,571-843;863-1140;
A0A140VJR3,Protein kinase,domain,
A0A097ZMP6,Protein kinase,domain,299-591;
Q68D39,Protein kinase,domain,183-433;
V9HW16,Protein kinase,domain,9-259;
F8VTV8,Protein kinase,domain,6-201;
W0S1B5,Protein kinase,domain,388-641;
B4E125,Protein kinase,domain,170-426;
A0A141AXF5,Protein kinase,domain,462-742;
A0A0D9SFP6,Protein kinase,domain,538-853;
A1L4F5,Protein kinase,domain,473-746;
F8W9L4,Protein kinase,domain,473-792;
D1MAM1,Protein kinase,domain,1116-1392;
Q7Z4Y4,Protein kinase,domain,Not In XML File!
J3QLN8,Protein kinase,domain,37-230;
A7E2E0,Protein kinase,domain,Not In XML File!
H3BQ34,Protein kinase,domain,
Q8N9D7,Protein kinase,domain,90-348;
M1VKI9,Protein kinase,domain,650-942;
F6VCX5,Protein kinase,domain,20-291;
A8K602,Protein kinase,domain,16-273;
Q8N7M6,Protein kinase,domain,75-327;
Q59FK4,Protein kinase,domain,279-530;
M0R308,Protein kinase,domain,
A4D151,Protein kinase,domain,78-393;
B4DR46,Protein kinase,domain,23-281;
Q16716,Protein kinase,domain,Not In XML File!
H0Y4F8,Protein kinase,domain,
C1PHA2,Protein kinase,domain,979-1255;
Q2VXS9,Protein kinase,domain,433-681;
Q5H9N4,Protein kinase,domain,4-293;
M1V487,Protein kinase,domain,963-1240;
A0A0S2Z539,Protein kinase,domain,244-334;
A0A1B0GWC2,Protein kinase,domain,
J3KN87,Protein kinase,domain,Not In XML File!
B4DYG5,Protein kinase,domain,Not In XML File!
A0A0S2Z535,Protein kinase,domain,4-229;
B0QY34,Protein kinase,domain,9-277;
D1MAM3,Protein kinase,domain,1116-1392;
A6NMN0,Protein kinase,domain,
B2R6Z3,Protein kinase,domain,133-383;
B4E2S6,Protein kinase,domain,58-374;
H7BXU9,Protein kinase,domain,390-669;
F8VZG5,Protein kinase,domain,
Q1KKQ2,Protein kinase,domain,585-841;
B4DLF5,Protein kinase,domain,648-915;
E9PM17,Protein kinase,domain,172-425;
B4DUF0,Protein kinase,domain,1-229;
B0QY36,Protein kinase,domain,9-225;
B4DPB3,Protein kinase,domain,81-399;
A0A087WV31,Protein kinase,domain,
B5BU16,Protein kinase,domain,53-314;
A0A0S2Z557,Protein kinase,domain,4-288;
V9HWB8,Protein kinase,domain,Not In XML File!
G3V202,Protein kinase,domain,4-257;
B4DUJ4,Protein kinase,domain,
E9PJX5,Protein kinase,domain,170-423;
D3DW67,Protein kinase,domain,57-257;
A0A024RBQ3,Protein kinase,domain,165-448;
A0A024RD88,Protein kinase,domain,Not In XML File!
A0A024RAY5,Protein kinase,domain,125-366;
A0A0S2Z3F9,Protein kinase,domain,12-295;
A0A024RBU5,Protein kinase,domain,49-303;
A0A024R495,Protein kinase,domain,
A0A024RDA0,Protein kinase,domain,Not In XML File!
B4DDH2,Protein kinase,domain,75-340;
B0YJ89,Protein kinase,domain,
D3DRD6,Protein kinase,domain,44-333;
A0A024QZ12,Protein kinase,domain,138-427;
B4DTR1,Protein kinase,domain,444-711;
A0A0K2YUJ3,Protein kinase,domain,48-324;
D3DPA4,Protein kinase,domain,208-502;
A0A024QZ20,Protein kinase,domain,55-347;
Q15136,Protein kinase,domain,27-207;
Q8IXA3,Protein kinase,domain,44-315;
Q7LDD5,Protein kinase,domain,13-271;
A0A024R5X5,Protein kinase,domain,166-409;
F8W9P4,Protein kinase,domain,
A0A024R9Q5,Protein kinase,domain,121-397;
A0A024R964,Protein kinase,domain,Not In XML File!
A8K6P8,Protein kinase,domain,4-167;
D3DRD3,Protein kinase,domain,384-673;
A0A024R1D8,Protein kinase,domain,191-453;
A6NHV6,Protein kinase,domain,101-350;
B0YIY3,Protein kinase,domain,20-276;
B6D4Y3,Protein kinase,domain,1116-1392;
Q5SRQ3,Protein kinase,domain,
Q9BVE2,Protein kinase,domain,91-324;
A0A024R8N6,Protein kinase,domain,Not In XML File!
A0A140VJW0,Protein kinase,domain,93-353;
G5EKE5,Protein kinase,domain,307-583;
A0A024R604,Protein kinase,domain,44-315;
A4QPA9,Protein kinase,domain,68-361;
X5D7M5,Protein kinase,domain,538-814;
A0A024R3C7,Protein kinase,domain,
L7RXH5,Protein kinase,domain,42-330;
B4DY26,Protein kinase,domain,136-426;
A0A024R5Y2,Protein kinase,domain,166-419;
G3V213,Protein kinase,domain,
F2Z2U4,Protein kinase,domain,
A0A024R5W3,Protein kinase,domain,44-315;
D6R938,Protein kinase,domain,14-272;
A0A2R8Y443,Protein kinase,domain,121-400;
F5H8H2,Protein kinase,domain,
B7ZL31,Protein kinase,domain,159-373;
A0A024R912,Protein kinase,domain,Not In XML File!
Q5T7S2,Protein kinase,domain,205-495;
A0A024R230,Protein kinase,domain,554-823;
A0A024R5E6,Protein kinase,domain,117-379;
Q1HBJ4,Protein kinase,domain,25-313;
Q504U8,Protein kinase,domain,667-934;
B7ZKJ3,Protein kinase,domain,676-937;
A0A024RDK3,Protein kinase,domain,Not In XML File!
A2RUF7,Protein kinase,domain,
U3NG26,Protein kinase,domain,402-568;
A0A024RC92,Protein kinase,domain,561-822;
B7Z7U4,Protein kinase,domain,440-617;
A8K3Y2,Protein kinase,domain,53-314;
B2R6S5,Protein kinase,domain,Not In XML File!
Q6FI27,Protein kinase,domain,56-340;
Q96L35,Protein kinase,domain,615-878;
A0A024R8K3,Protein kinase,domain,1-258;
Q8IXN4,Protein kinase,domain,4-284;
A0A024RB10,Protein kinase,domain,4-252;
A0A024R4H1,Protein kinase,domain,Not In XML File!
A8K161,Protein kinase,domain,13-271;
A0A024R0L5,Protein kinase,domain,119-403;
B7ZKW7,Protein kinase,domain,654-915;
A0A024RD18,Protein kinase,domain,89-382;
A0A140VK84,Protein kinase,domain,
A0A024RB23,Protein kinase,domain,
G3V5T9,Protein kinase,domain,4-334;
A0A024R7Q5,Protein kinase,domain,12-267;
G3V1W8,Protein kinase,domain,216-506;
E7ESA6,Protein kinase,domain,466-724;
E9PGT3,Protein kinase,domain,62-310;407-664;
Q5Y191,Protein kinase,domain,40-290;
A0A0S2Z3Q6,Protein kinase,domain,476-765;
