Entry,Reviewed,Entry Name,Protein names,Gene Names,Organism,Length
A2AAJ9,reviewed,OBSCN_MOUSE,Obscurin (EC 2.7.11.1) (Obscurin-RhoGEF) (Obscurin-myosin light chain kinase) (Obscurin-MLCK),Obscn Gm878,Mus musculus (Mouse),8886
A2ASS6,reviewed,TITIN_MOUSE,Titin (EC 2.7.11.1) (Connectin),Ttn,Mus musculus (Mouse),35213
A2CG49,reviewed,KALRN_MOUSE,Kalirin (EC 2.7.11.1) (Protein Duo) (Serine/threonine-protein kinase with Dbl- and pleckstrin homology domain),Kalrn,Mus musculus (Mouse),2964
O08605,reviewed,MKNK1_MOUSE,MAP kinase-interacting serine/threonine-protein kinase 1 (EC 2.7.11.1) (MAP kinase signal-integrating kinase 1) (MAPK signal-integrating kinase 1) (Mnk1),Mknk1 Mnk1,Mus musculus (Mouse),427
O08644,reviewed,EPHB6_MOUSE,Ephrin type-B receptor 6 (MEP) (Tyrosine-protein kinase-defective receptor EPH-6),Ephb6 Cekl,Mus musculus (Mouse),1014
O08648,reviewed,M3K4_MOUSE,Mitogen-activated protein kinase kinase kinase 4 (EC 2.7.11.25) (MAPK/ERK kinase kinase 4) (MEK kinase 4) (MEKK 4),Map3k4 Mekk4,Mus musculus (Mouse),1597
O08796,reviewed,EF2K_MOUSE,Eukaryotic elongation factor 2 kinase (eEF-2 kinase) (eEF-2K) (EC 2.7.11.20) (Calcium/calmodulin-dependent eukaryotic elongation factor 2 kinase),Eef2k,Mus musculus (Mouse),724
O08901,reviewed,BUB1_MOUSE,Mitotic checkpoint serine/threonine-protein kinase BUB1 (mBUB1) (EC 2.7.11.1) (BUB1A),Bub1,Mus musculus (Mouse),1058
O08911,reviewed,MK12_MOUSE,Mitogen-activated protein kinase 12 (MAP kinase 12) (MAPK 12) (EC 2.7.11.24) (Extracellular signal-regulated kinase 6) (ERK-6) (Mitogen-activated protein kinase p38 gamma) (MAP kinase p38 gamma) (Stress-activated protein kinase 3),Mapk12 Sapk3,Mus musculus (Mouse),367
O09110,reviewed,MP2K3_MOUSE,Dual specificity mitogen-activated protein kinase kinase 3 (MAP kinase kinase 3) (MAPKK 3) (EC 2.7.12.2) (MAPK/ERK kinase 3) (MEK 3),Map2k3 Mkk3 Prkmk3,Mus musculus (Mouse),347
O09127,reviewed,EPHA8_MOUSE,Ephrin type-A receptor 8 (EC 2.7.10.1) (EPH- and ELK-related kinase) (Tyrosine-protein kinase receptor EEK),Epha8 Eek,Mus musculus (Mouse),1004
O35099,reviewed,M3K5_MOUSE,Mitogen-activated protein kinase kinase kinase 5 (EC 2.7.11.25) (Apoptosis signal-regulating kinase 1) (ASK-1) (MAPK/ERK kinase kinase 5) (MEK kinase 5) (MEKK 5),Map3k5 Ask1 Mekk5,Mus musculus (Mouse),1380
O35280,reviewed,CHK1_MOUSE,Serine/threonine-protein kinase Chk1 (EC 2.7.11.1) (CHK1 checkpoint homolog) (Checkpoint kinase-1),Chek1 Chk1,Mus musculus (Mouse),476
O35491,reviewed,CLK2_MOUSE,Dual specificity protein kinase CLK2 (EC 2.7.12.1) (CDC-like kinase 2),Clk2,Mus musculus (Mouse),499
O35492,reviewed,CLK3_MOUSE,Dual specificity protein kinase CLK3 (EC 2.7.12.1) (CDC-like kinase 3),Clk3,Mus musculus (Mouse),638
O35493,reviewed,CLK4_MOUSE,Dual specificity protein kinase CLK4 (EC 2.7.12.1) (CDC-like kinase 4),Clk4,Mus musculus (Mouse),481
O35495,reviewed,CDK14_MOUSE,Cyclin-dependent kinase 14 (EC 2.7.11.22) (Cell division protein kinase 14) (Serine/threonine-protein kinase PFTAIRE-1),Cdk14 Kiaa0834 Pftk1,Mus musculus (Mouse),469
O35607,reviewed,BMPR2_MOUSE,Bone morphogenetic protein receptor type-2 (BMP type-2 receptor) (BMPR-2) (EC 2.7.11.30) (BRK-3) (Bone morphogenetic protein receptor type II) (BMP type II receptor) (BMPR-II),Bmpr2,Mus musculus (Mouse),1038
O35942,reviewed,NEK2_MOUSE,Serine/threonine-protein kinase Nek2 (EC 2.7.11.1) (Never in mitosis A-related kinase 2) (NimA-related protein kinase 2),Nek2,Mus musculus (Mouse),443
O54781,reviewed,SRPK2_MOUSE,SRSF protein kinase 2 (EC 2.7.11.1) (SFRS protein kinase 2) (Serine/arginine-rich protein-specific kinase 2) (SR-protein-specific kinase 2) [Cleaved into: SRSF protein kinase 2 N-terminal; SRSF protein kinase 2 C-terminal],Srpk2,Mus musculus (Mouse),681
O54784,reviewed,DAPK3_MOUSE,Death-associated protein kinase 3 (DAP kinase 3) (EC 2.7.11.1) (DAP-like kinase) (Dlk) (MYPT1 kinase) (ZIP-kinase),Dapk3 Zipk,Mus musculus (Mouse),448
O54785,reviewed,LIMK2_MOUSE,LIM domain kinase 2 (LIMK-2) (EC 2.7.11.1),Limk2,Mus musculus (Mouse),638
O54833,reviewed,CSK22_MOUSE,Casein kinase II subunit alpha' (CK II alpha') (EC 2.7.11.1),Csnk2a2,Mus musculus (Mouse),350
O54863,reviewed,TSSK2_MOUSE,Testis-specific serine/threonine-protein kinase 2 (TSK-2) (TSK2) (TSSK-2) (Testis-specific kinase 2) (EC 2.7.11.1) (Serine/threonine-protein kinase 22B),Tssk2 Stk22b,Mus musculus (Mouse),358
O54949,reviewed,NLK_MOUSE,Serine/threonine-protein kinase NLK (EC 2.7.11.24) (Nemo-like kinase),Nlk,Mus musculus (Mouse),527
O54967,reviewed,ACK1_MOUSE,Activated CDC42 kinase 1 (ACK-1) (EC 2.7.10.2) (EC 2.7.11.1) (Non-receptor protein tyrosine kinase Ack) (Tyrosine kinase non-receptor protein 2),Tnk2 Ack1,Mus musculus (Mouse),1055
O54988,reviewed,SLK_MOUSE,STE20-like serine/threonine-protein kinase (STE20-like kinase) (mSLK) (EC 2.7.11.1) (Etk4) (STE20-related kinase SMAK) (STE20-related serine/threonine-protein kinase) (STE20-related kinase) (Serine/threonine-protein kinase 2),Slk Kiaa0204 Stk2,Mus musculus (Mouse),1233
O54992,reviewed,MAPK5_MOUSE,MAP kinase-activated protein kinase 5 (MAPK-activated protein kinase 5) (MAPKAP kinase 5) (MAPKAPK-5) (EC 2.7.11.1),Mapkapk5,Mus musculus (Mouse),473
O55047,reviewed,TLK2_MOUSE,Serine/threonine-protein kinase tousled-like 2 (EC 2.7.11.1) (PKU-alpha) (Tousled-like kinase 2),Tlk2 Tlk,Mus musculus (Mouse),718
O55098,reviewed,STK10_MOUSE,Serine/threonine-protein kinase 10 (EC 2.7.11.1) (Lymphocyte-oriented kinase),Stk10 Lok,Mus musculus (Mouse),966
O55222,reviewed,ILK_MOUSE,Integrin-linked protein kinase (EC 2.7.11.1) (59 kDa serine/threonine-protein kinase) (Beta-integrin-linked kinase) (ILK-1) (ILK-2) (p59ILK),Ilk ILK1 ILK2,Mus musculus (Mouse),452
O70126,reviewed,AURKB_MOUSE,Aurora kinase B (EC 2.7.11.1) (Aurora 1) (Aurora- and IPL1-like midbody-associated protein 1) (Aurora/IPL1-related kinase 2) (ARK-2) (Aurora-related kinase 2) (STK-1) (Serine/threonine-protein kinase 12) (Serine/threonine-protein kinase 5) (Serine/threonine-protein kinase aurora-B),Aurkb Aik2 Aim1 Airk2 Ark2 Stk1 Stk12 Stk5,Mus musculus (Mouse),345
O70146,reviewed,TESK1_MOUSE,Dual specificity testis-specific protein kinase 1 (EC 2.7.12.1) (Testicular protein kinase 1),Tesk1,Mus musculus (Mouse),627
O70291,reviewed,GRK4_MOUSE,G protein-coupled receptor kinase 4 (EC 2.7.11.16) (G protein-coupled receptor kinase GRK4),Grk4 Gprk2l,Mus musculus (Mouse),574
O70293,reviewed,GRK6_MOUSE,G protein-coupled receptor kinase 6 (EC 2.7.11.16) (G protein-coupled receptor kinase GRK6),Grk6 Gprk6,Mus musculus (Mouse),576
O70405,reviewed,ULK1_MOUSE,Serine/threonine-protein kinase ULK1 (EC 2.7.11.1) (Serine/threonine-protein kinase Unc51.1) (Unc-51-like kinase 1),Ulk1,Mus musculus (Mouse),1051
O70551,reviewed,SRPK1_MOUSE,SRSF protein kinase 1 (EC 2.7.11.1) (SFRS protein kinase 1) (Serine/arginine-rich protein-specific kinase 1) (SR-protein-specific kinase 1),Srpk1,Mus musculus (Mouse),648
O70589,reviewed,CSKP_MOUSE,Peripheral plasma membrane protein CASK (EC 2.7.11.1) (Calcium/calmodulin-dependent serine protein kinase),Cask Lin-2,Mus musculus (Mouse),926
O88351,reviewed,IKKB_MOUSE,Inhibitor of nuclear factor kappa-B kinase subunit beta (I-kappa-B-kinase beta) (IKK-B) (IKK-beta) (IkBKB) (EC 2.7.11.10) (I-kappa-B kinase 2) (IKK2) (Nuclear factor NF-kappa-B inhibitor kinase beta) (NFKBIKB) (Serine/threonine protein kinase IKBKB) (EC 2.7.11.1),Ikbkb Ikkb,Mus musculus (Mouse),757
O88445,reviewed,AURKC_MOUSE,Aurora kinase C (EC 2.7.11.1) (Aurora 3) (Aurora/IPL1-related kinase 3) (ARK-3) (Aurora-related kinase 3) (Aurora/IPL1/Eg2 protein 1) (Serine/threonine-protein kinase 13) (Serine/threonine-protein kinase aurora-C),Aurkc Aie1 Aik3 Airk3 Ark3 Stk13,Mus musculus (Mouse),276
O88643,reviewed,PAK1_MOUSE,Serine/threonine-protein kinase PAK 1 (EC 2.7.11.1) (Alpha-PAK) (CDC42/RAC effector kinase PAK-A) (p21-activated kinase 1) (PAK-1) (p65-PAK),Pak1 Paka,Mus musculus (Mouse),545
O88697,reviewed,STK16_MOUSE,Serine/threonine-protein kinase 16 (EC 2.7.11.1) (Embryo-derived protein kinase) (Edpk) (Myristoylated and palmitoylated serine/threonine-protein kinase) (MPSK) (Protein kinase Krct) (Protein kinase PKL12) (TGF-beta-stimulated factor 1) (TSF-1) (Tyrosine-protein kinase STK16) (EC 2.7.10.2),Stk16 Edpk Krct Mpsk1 Pkl12 Tsf1,Mus musculus (Mouse),305
O88904,reviewed,HIPK1_MOUSE,Homeodomain-interacting protein kinase 1 (EC 2.7.11.1) (Nuclear body-associated kinase 2) (Protein kinase Myak),Hipk1 Kiaa0630 Myak Nbak2,Mus musculus (Mouse),1210
P00520,reviewed,ABL1_MOUSE,Tyrosine-protein kinase ABL1 (EC 2.7.10.2) (Abelson murine leukemia viral oncogene homolog 1) (Abelson tyrosine-protein kinase 1) (Proto-oncogene c-Abl) (p150),Abl1 Abl,Mus musculus (Mouse),1123
P00536,reviewed,MOS_MOUSE,Proto-oncogene serine/threonine-protein kinase mos (EC 2.7.11.1) (Oocyte maturation factor mos) (Proto-oncogene c-Mos),Mos,Mus musculus (Mouse),343
P04627,reviewed,ARAF_MOUSE,Serine/threonine-protein kinase A-Raf (EC 2.7.11.1) (Proto-oncogene A-Raf),Araf A-raf Araf1,Mus musculus (Mouse),604
P05132,reviewed,KAPCA_MOUSE,cAMP-dependent protein kinase catalytic subunit alpha (PKA C-alpha) (EC 2.7.11.11),Prkaca Pkaca,Mus musculus (Mouse),351
P05480,reviewed,SRC_MOUSE,Proto-oncogene tyrosine-protein kinase Src (EC 2.7.10.2) (Proto-oncogene c-Src) (pp60c-src) (p60-Src),Src,Mus musculus (Mouse),535
P05532,reviewed,KIT_MOUSE,Mast/stem cell growth factor receptor Kit (SCFR) (EC 2.7.10.1) (Proto-oncogene c-Kit) (Tyrosine-protein kinase Kit) (CD antigen CD117),Kit Sl,Mus musculus (Mouse),979
P05622,reviewed,PGFRB_MOUSE,Platelet-derived growth factor receptor beta (PDGF-R-beta) (PDGFR-beta) (EC 2.7.10.1) (Beta platelet-derived growth factor receptor) (Beta-type platelet-derived growth factor receptor) (CD140 antigen-like family member B) (Platelet-derived growth factor receptor 1) (PDGFR-1) (CD antigen CD140b),Pdgfrb Pdgfr Pdgfr1,Mus musculus (Mouse),1098
P06240,reviewed,LCK_MOUSE,Proto-oncogene tyrosine-protein kinase LCK (EC 2.7.10.2) (Leukocyte C-terminal Src kinase) (LSK) (Lymphocyte cell-specific protein-tyrosine kinase) (p56-LCK),Lck Lsk-t,Mus musculus (Mouse),509
P06803,reviewed,PIM1_MOUSE,Serine/threonine-protein kinase pim-1 (EC 2.7.11.1),Pim1 Pim-1,Mus musculus (Mouse),313
P07934,reviewed,PHKG1_MOUSE,"Phosphorylase b kinase gamma catalytic chain, skeletal muscle/heart isoform (EC 2.7.11.19) (Phosphorylase kinase subunit gamma-1) (Serine/threonine-protein kinase PHKG1) (EC 2.7.11.1, EC 2.7.11.26)",Phkg1 Phkg,Mus musculus (Mouse),388
P08103,reviewed,HCK_MOUSE,Tyrosine-protein kinase HCK (EC 2.7.10.2) (B-cell/myeloid kinase) (BMK) (Hematopoietic cell kinase) (Hemopoietic cell kinase) (p56-HCK/p59-HCK),Hck,Mus musculus (Mouse),524
P08414,reviewed,KCC4_MOUSE,Calcium/calmodulin-dependent protein kinase type IV (CaMK IV) (EC 2.7.11.17) (CaM kinase-GR),Camk4,Mus musculus (Mouse),469
P08923,reviewed,LTK_MOUSE,Leukocyte tyrosine kinase receptor (EC 2.7.10.1),Ltk,Mus musculus (Mouse),888
P09581,reviewed,CSF1R_MOUSE,Macrophage colony-stimulating factor 1 receptor (CSF-1 receptor) (CSF-1-R) (CSF-1R) (M-CSF-R) (EC 2.7.10.1) (Proto-oncogene c-Fms) (CD antigen CD115),Csf1r Csfmr Fms,Mus musculus (Mouse),977
P0C605,reviewed,KGP1_MOUSE,cGMP-dependent protein kinase 1 (cGK 1) (cGK1) (EC 2.7.11.12) (cGMP-dependent protein kinase I) (cGKI),Prkg1 Prkg1b Prkgr1a Prkgr1b,Mus musculus (Mouse),671
P11440,reviewed,CDK1_MOUSE,Cyclin-dependent kinase 1 (CDK1) (EC 2.7.11.22) (EC 2.7.11.23) (Cell division control protein 2 homolog) (Cell division protein kinase 1) (p34 protein kinase),Cdk1 Cdc2 Cdc2a Cdkn1,Mus musculus (Mouse),297
P11798,reviewed,KCC2A_MOUSE,Calcium/calmodulin-dependent protein kinase type II subunit alpha (CaM kinase II subunit alpha) (CaMK-II subunit alpha) (EC 2.7.11.17),Camk2a,Mus musculus (Mouse),478
P14234,reviewed,FGR_MOUSE,Tyrosine-protein kinase Fgr (EC 2.7.10.2) (Proto-oncogene c-Fgr) (p55-Fgr),Fgr,Mus musculus (Mouse),517
P15208,reviewed,INSR_MOUSE,Insulin receptor (IR) (EC 2.7.10.1) (CD antigen CD220) [Cleaved into: Insulin receptor subunit alpha; Insulin receptor subunit beta],Insr,Mus musculus (Mouse),1372
P15209,reviewed,NTRK2_MOUSE,BDNF/NT-3 growth factors receptor (EC 2.7.10.1) (GP145-TrkB/GP95-TrkB) (Trk-B) (Neurotrophic tyrosine kinase receptor type 2) (TrkB tyrosine kinase),Ntrk2 Trkb,Mus musculus (Mouse),821
P16054,reviewed,KPCE_MOUSE,Protein kinase C epsilon type (EC 2.7.11.13) (nPKC-epsilon),Prkce Pkce Pkcea,Mus musculus (Mouse),737
P16056,reviewed,MET_MOUSE,Hepatocyte growth factor receptor (HGF receptor) (EC 2.7.10.1) (HGF/SF receptor) (Proto-oncogene c-Met) (Scatter factor receptor) (SF receptor) (Tyrosine-protein kinase Met),Met,Mus musculus (Mouse),1379
P16092,reviewed,FGFR1_MOUSE,Fibroblast growth factor receptor 1 (FGFR-1) (bFGF-R-1) (EC 2.7.10.1) (Basic fibroblast growth factor receptor 1) (MFR) (Proto-oncogene c-Fgr) (CD antigen CD331),Fgfr1 Flg,Mus musculus (Mouse),822
P16277,reviewed,BLK_MOUSE,Tyrosine-protein kinase Blk (EC 2.7.10.2) (B lymphocyte kinase) (p55-Blk),Blk,Mus musculus (Mouse),499
P16879,reviewed,FES_MOUSE,Tyrosine-protein kinase Fes/Fps (EC 2.7.10.2) (Proto-oncogene c-Fes),Fes Fps,Mus musculus (Mouse),822
P18653,reviewed,KS6A1_MOUSE,Ribosomal protein S6 kinase alpha-1 (S6K-alpha-1) (EC 2.7.11.1) (90 kDa ribosomal protein S6 kinase 1) (p90-RSK 1) (p90RSK1) (p90S6K) (MAP kinase-activated protein kinase 1a) (MAPK-activated protein kinase 1a) (MAPKAP kinase 1a) (MAPKAPK-1a) (Ribosomal S6 kinase 1) (RSK-1),Rps6ka1 Mapkapk1a Rsk1,Mus musculus (Mouse),724
P18654,reviewed,KS6A3_MOUSE,Ribosomal protein S6 kinase alpha-3 (S6K-alpha-3) (EC 2.7.11.1) (90 kDa ribosomal protein S6 kinase 3) (p90-RSK 3) (p90RSK3) (MAP kinase-activated protein kinase 1b) (MAPK-activated protein kinase 1b) (MAPKAP kinase 1b) (MAPKAPK-1b) (Ribosomal S6 kinase 2) (RSK-2) (pp90RSK2),Rps6ka3 Mapkapk1b Rps6ka-rs1 Rsk2,Mus musculus (Mouse),740
P20444,reviewed,KPCA_MOUSE,Protein kinase C alpha type (PKC-A) (PKC-alpha) (EC 2.7.11.13),Prkca Pkca,Mus musculus (Mouse),672
P21803,reviewed,FGFR2_MOUSE,Fibroblast growth factor receptor 2 (FGFR-2) (EC 2.7.10.1) (Keratinocyte growth factor receptor) (KGFR) (CD antigen CD332),Fgfr2 Bek Ect1,Mus musculus (Mouse),821
P22518,reviewed,CLK1_MOUSE,Dual specificity protein kinase CLK1 (EC 2.7.12.1) (CDC-like kinase 1) (Protein kinase STY),Clk1 Clk Sty,Mus musculus (Mouse),483
P23298,reviewed,KPCL_MOUSE,Protein kinase C eta type (EC 2.7.11.13) (PKC-L) (nPKC-eta),Prkch Pkch,Mus musculus (Mouse),683
P24604,reviewed,TEC_MOUSE,Tyrosine-protein kinase Tec (EC 2.7.10.2),Tec,Mus musculus (Mouse),630
P24788,reviewed,CD11B_MOUSE,Cyclin-dependent kinase 11B (Cell division cycle 2-like protein kinase 1) (Cell division protein kinase 11) (Cyclin-dependent kinase 11) (EC 2.7.11.22) (Galactosyltransferase-associated protein kinase p58/GTA) (PITSLRE serine/threonine-protein kinase CDC2L1),Cdk11b Cdc2l1 Cdk11,Mus musculus (Mouse),784
P25911,reviewed,LYN_MOUSE,Tyrosine-protein kinase Lyn (EC 2.7.10.2) (V-yes-1 Yamaguchi sarcoma viral related oncogene homolog) (p53Lyn) (p56Lyn),Lyn,Mus musculus (Mouse),512
P26618,reviewed,PGFRA_MOUSE,Platelet-derived growth factor receptor alpha (PDGF-R-alpha) (PDGFR-alpha) (EC 2.7.10.1) (Alpha platelet-derived growth factor receptor) (Alpha-type platelet-derived growth factor receptor) (CD140 antigen-like family member A) (Platelet-derived growth factor alpha receptor) (CD antigen CD140a),Pdgfra,Mus musculus (Mouse),1089
P27038,reviewed,AVR2A_MOUSE,Activin receptor type-2A (EC 2.7.11.30) (Activin receptor type IIA) (ACTR-IIA),Acvr2a Acvr2,Mus musculus (Mouse),513
P27040,reviewed,AVR2B_MOUSE,Activin receptor type-2B (EC 2.7.11.30) (Activin receptor type IIB) (ACTR-IIB),Acvr2b,Mus musculus (Mouse),536
P28028,reviewed,BRAF_MOUSE,Serine/threonine-protein kinase B-raf (EC 2.7.11.1) (Proto-oncogene B-Raf),Braf B-raf,Mus musculus (Mouse),751
P28652,reviewed,KCC2B_MOUSE,Calcium/calmodulin-dependent protein kinase type II subunit beta (CaM kinase II subunit beta) (CaMK-II subunit beta) (EC 2.7.11.17),Camk2b Camk2d,Mus musculus (Mouse),542
P28867,reviewed,KPCD_MOUSE,Protein kinase C delta type (EC 2.7.11.13) (Tyrosine-protein kinase PRKCD) (EC 2.7.10.2) (nPKC-delta) [Cleaved into: Protein kinase C delta type regulatory subunit; Protein kinase C delta type catalytic subunit (Sphingosine-dependent protein kinase-1) (SDK1)],Prkcd Pkcd,Mus musculus (Mouse),674
P29319,reviewed,EPHA3_MOUSE,Ephrin type-A receptor 3 (EC 2.7.10.1) (EPH-like kinase 4) (EK4) (mEK4) (Tyrosine-protein kinase TYRO4) (Tyrosine-protein kinase receptor ETK1),Epha3 Etk1 Mek4 Tyro4,Mus musculus (Mouse),983
P30285,reviewed,CDK4_MOUSE,Cyclin-dependent kinase 4 (EC 2.7.11.22) (CRK3) (Cell division protein kinase 4) (PSK-J3),Cdk4 Crk3,Mus musculus (Mouse),303
P31750,reviewed,AKT1_MOUSE,RAC-alpha serine/threonine-protein kinase (EC 2.7.11.1) (AKT1 kinase) (Protein kinase B) (PKB) (Protein kinase B alpha) (PKB alpha) (Proto-oncogene c-Akt) (RAC-PK-alpha) (Thymoma viral proto-oncogene),Akt1 Akt Rac,Mus musculus (Mouse),480
P31938,reviewed,MP2K1_MOUSE,Dual specificity mitogen-activated protein kinase kinase 1 (MAP kinase kinase 1) (MAPKK 1) (EC 2.7.12.2) (ERK activator kinase 1) (MAPK/ERK kinase 1) (MEK 1),Map2k1 Mek1 Prkmk1,Mus musculus (Mouse),393
P34152,reviewed,FAK1_MOUSE,Focal adhesion kinase 1 (FADK 1) (EC 2.7.10.2) (Focal adhesion kinase-related nonkinase) (FRNK) (Protein-tyrosine kinase 2) (p125FAK) (pp125FAK),Ptk2 Fadk Fak Fak1 Kiaa4203,Mus musculus (Mouse),1052
P35546,reviewed,RET_MOUSE,Proto-oncogene tyrosine-protein kinase receptor Ret (EC 2.7.10.1) (Proto-oncogene c-Ret) [Cleaved into: Soluble RET kinase fragment; Extracellular cell-membrane anchored RET cadherin 120 kDa fragment],Ret,Mus musculus (Mouse),1115
P35761,reviewed,TTK_MOUSE,Dual specificity protein kinase TTK (EC 2.7.12.1) (ESK) (PYT),Ttk Esk,Mus musculus (Mouse),856
P35917,reviewed,VGFR3_MOUSE,Vascular endothelial growth factor receptor 3 (VEGFR-3) (EC 2.7.10.1) (Fms-like tyrosine kinase 4) (FLT-4) (Tyrosine-protein kinase receptor FLT4),Flt4 Flt-4 Vegfr3,Mus musculus (Mouse),1363
P35918,reviewed,VGFR2_MOUSE,Vascular endothelial growth factor receptor 2 (VEGFR-2) (EC 2.7.10.1) (Fetal liver kinase 1) (FLK-1) (Kinase NYK) (Protein-tyrosine kinase receptor flk-1) (CD antigen CD309),Kdr Flk-1 Flk1,Mus musculus (Mouse),1345
P35969,reviewed,VGFR1_MOUSE,Vascular endothelial growth factor receptor 1 (VEGFR-1) (EC 2.7.10.1) (Embryonic receptor kinase 2) (Fms-like tyrosine kinase 1) (FLT-1) (Tyrosine-protein kinase receptor FLT),Flt1 Emrk2 Flt Vegfr1,Mus musculus (Mouse),1333
P35991,reviewed,BTK_MOUSE,Tyrosine-protein kinase BTK (EC 2.7.10.2) (Agammaglobulinemia tyrosine kinase) (ATK) (B-cell progenitor kinase) (BPK) (Bruton tyrosine kinase) (Kinase EMB),Btk Bpk,Mus musculus (Mouse),659
P36895,reviewed,BMR1A_MOUSE,Bone morphogenetic protein receptor type-1A (BMP type-1A receptor) (BMPR-1A) (EC 2.7.11.30) (Activin receptor-like kinase 3) (ALK-3) (BMP-2/BMP-4 receptor) (Serine/threonine-protein kinase receptor R5) (SKR5) (CD antigen CD292),Bmpr1a Acvrlk3 Bmpr,Mus musculus (Mouse),532
P36898,reviewed,BMR1B_MOUSE,Bone morphogenetic protein receptor type-1B (BMP type-1B receptor) (BMPR-1B) (EC 2.7.11.30) (Activin receptor-like kinase 6) (ALK-6) (Serine/threonine-protein kinase receptor R6) (SKR6) (CD antigen CDw293),Bmpr1b Acvrlk6,Mus musculus (Mouse),502
P37172,reviewed,ACVR1_MOUSE,Activin receptor type-1 (EC 2.7.11.30) (Activin receptor type I) (ACTR-I) (Serine/threonine-protein kinase receptor R1) (SKR1) (TGF-B superfamily receptor type I) (TSR-I) (TSK-7L),Acvr1 Acvrlk2 Tgfb1,Mus musculus (Mouse),509
P39688,reviewed,FYN_MOUSE,Tyrosine-protein kinase Fyn (EC 2.7.10.2) (Proto-oncogene c-Fyn) (p59-Fyn),Fyn,Mus musculus (Mouse),537
P41241,reviewed,CSK_MOUSE,Tyrosine-protein kinase CSK (EC 2.7.10.2) (C-Src kinase) (Protein-tyrosine kinase MPK-2) (p50CSK),Csk,Mus musculus (Mouse),450
P42682,reviewed,TXK_MOUSE,Tyrosine-protein kinase TXK (EC 2.7.10.2) (PTK-RL-18) (Resting lymphocyte kinase),Txk Rlk,Mus musculus (Mouse),527
P43404,reviewed,ZAP70_MOUSE,Tyrosine-protein kinase ZAP-70 (EC 2.7.10.2) (70 kDa zeta-chain associated protein) (Syk-related tyrosine kinase),Zap70 Srk Zap-70,Mus musculus (Mouse),618
P47809,reviewed,MP2K4_MOUSE,Dual specificity mitogen-activated protein kinase kinase 4 (MAP kinase kinase 4) (MAPKK 4) (EC 2.7.12.2) (C-JUN N-terminal kinase kinase 1) (JNK kinase 1) (JNKK 1) (JNK-activating kinase 1) (MAPK/ERK kinase 4) (MEK 4) (SAPK/ERK kinase 1) (SEK1),Map2k4 Jnkk1 Mek4 Mkk4 Prkmk4 Sek1 Serk1 Skk1,Mus musculus (Mouse),397
P47810,reviewed,WEE1_MOUSE,Wee1-like protein kinase (EC 2.7.10.2) (Wee1A kinase),Wee1,Mus musculus (Mouse),646
P47811,reviewed,MK14_MOUSE,Mitogen-activated protein kinase 14 (MAP kinase 14) (MAPK 14) (EC 2.7.11.24) (CRK1) (Mitogen-activated protein kinase p38 alpha) (MAP kinase p38 alpha),Mapk14 Crk1 Csbp1 Csbp2,Mus musculus (Mouse),360
P48025,reviewed,KSYK_MOUSE,Tyrosine-protein kinase SYK (EC 2.7.10.2) (Spleen tyrosine kinase),Syk ptk72 Sykb,Mus musculus (Mouse),629
P49025,reviewed,CTRO_MOUSE,"Citron Rho-interacting kinase (CRIK) (EC 2.7.11.1) (Rho-interacting, serine/threonine-protein kinase 21)",Cit Crik,Mus musculus (Mouse),2055
P49138,reviewed,MAPK2_MOUSE,MAP kinase-activated protein kinase 2 (MAPK-activated protein kinase 2) (MAPKAP kinase 2) (MAPKAP-K2) (MAPKAPK-2) (MK-2) (MK2) (EC 2.7.11.1),Mapkapk2 Rps6kc1,Mus musculus (Mouse),386
P49615,reviewed,CDK5_MOUSE,Cyclin-dependent kinase 5 (EC 2.7.11.1) (Cell division protein kinase 5) (Cyclin-dependent-like kinase 5) (Serine/threonine-protein kinase PSSALRE) (Tau protein kinase II catalytic subunit) (TPKII catalytic subunit),Cdk5 Cdkn5 Crk6 PSSALRE,Mus musculus (Mouse),292
P51954,reviewed,NEK1_MOUSE,Serine/threonine-protein kinase Nek1 (EC 2.7.11.1) (Never in mitosis A-related kinase 1) (NimA-related protein kinase 1),Nek1,Mus musculus (Mouse),1203
P52332,reviewed,JAK1_MOUSE,Tyrosine-protein kinase JAK1 (EC 2.7.10.2) (Janus kinase 1) (JAK-1),Jak1,Mus musculus (Mouse),1153
P53349,reviewed,M3K1_MOUSE,Mitogen-activated protein kinase kinase kinase 1 (EC 2.7.11.25) (MAPK/ERK kinase kinase 1) (MEK kinase 1) (MEKK 1),Map3k1 Mekk Mekk1,Mus musculus (Mouse),1493
P53351,reviewed,PLK2_MOUSE,Serine/threonine-protein kinase PLK2 (EC 2.7.11.21) (Polo-like kinase 2) (PLK-2) (Serine/threonine-protein kinase SNK) (Serum-inducible kinase),Plk2 Snk,Mus musculus (Mouse),682
P53668,reviewed,LIMK1_MOUSE,LIM domain kinase 1 (LIMK-1) (EC 2.7.11.1) (KIZ-1),Limk1 Limk,Mus musculus (Mouse),647
P54265,reviewed,DMPK_MOUSE,Myotonin-protein kinase (MT-PK) (EC 2.7.11.1) (DM-kinase) (DMK) (DMPK) (Myotonic dystrophy protein kinase) (MDPK),Dmpk Dm15 Mdpk,Mus musculus (Mouse),631
P54754,reviewed,EPHB3_MOUSE,Ephrin type-B receptor 3 (EC 2.7.10.1) (Developmental kinase 5) (mDK-5) (Tyrosine-protein kinase receptor SEK-4),Ephb3 Etk2 Mdk5 Sek4,Mus musculus (Mouse),993
P54761,reviewed,EPHB4_MOUSE,Ephrin type-B receptor 4 (EC 2.7.10.1) (Developmental kinase 2) (mDK-2) (Hepatoma transmembrane kinase) (Tyrosine kinase MYK-1),Ephb4 Htk Mdk2 Myk1,Mus musculus (Mouse),987
P54763,reviewed,EPHB2_MOUSE,Ephrin type-B receptor 2 (EC 2.7.10.1) (Neural kinase) (Nuk receptor tyrosine kinase) (Tyrosine-protein kinase receptor EPH-3) (Tyrosine-protein kinase receptor SEK-3) [Cleaved into: EphB2/CTF1; EphB2/CTF2],Ephb2 Epth3 Nuk Sek3,Mus musculus (Mouse),986
P55144,reviewed,TYRO3_MOUSE,Tyrosine-protein kinase receptor TYRO3 (EC 2.7.10.1) (Etk2/tyro3) (TK19-2) (Tyrosine-protein kinase DTK) (Tyrosine-protein kinase RSE) (Tyrosine-protein kinase TIF),Tyro3 Dtk Rse Tif,Mus musculus (Mouse),880
P58750,reviewed,PIM3_MOUSE,Serine/threonine-protein kinase pim-3 (EC 2.7.11.1),Pim3,Mus musculus (Mouse),326
P58801,reviewed,RIPK2_MOUSE,Receptor-interacting serine/threonine-protein kinase 2 (EC 2.7.11.1) (Receptor-interacting protein 2) (Tyrosine-protein kinase RIPK2) (EC 2.7.10.2),Ripk2 Rip2,Mus musculus (Mouse),539
P63085,reviewed,MK01_MOUSE,Mitogen-activated protein kinase 1 (MAP kinase 1) (MAPK 1) (EC 2.7.11.24) (ERT1) (Extracellular signal-regulated kinase 2) (ERK-2) (MAP kinase isoform p42) (p42-MAPK) (Mitogen-activated protein kinase 2) (MAP kinase 2) (MAPK 2),Mapk1 Erk2 Mapk Prkm1,Mus musculus (Mouse),358
P63318,reviewed,KPCG_MOUSE,Protein kinase C gamma type (PKC-gamma) (EC 2.7.11.13),Prkcg Pkcc Pkcg Prkcc,Mus musculus (Mouse),697
P68181,reviewed,KAPCB_MOUSE,cAMP-dependent protein kinase catalytic subunit beta (PKA C-beta) (EC 2.7.11.11),Prkacb Pkacb,Mus musculus (Mouse),351
P68404,reviewed,KPCB_MOUSE,Protein kinase C beta type (PKC-B) (PKC-beta) (EC 2.7.11.13),Prkcb Pkcb Prkcb1,Mus musculus (Mouse),671
P70218,reviewed,M4K1_MOUSE,Mitogen-activated protein kinase kinase kinase kinase 1 (EC 2.7.11.1) (Hematopoietic progenitor kinase) (HPK) (MAPK/ERK kinase kinase kinase 1) (MEK kinase kinase 1) (MEKKK 1),Map4k1 Hpk1,Mus musculus (Mouse),827
P70236,reviewed,MP2K6_MOUSE,Dual specificity mitogen-activated protein kinase kinase 6 (MAP kinase kinase 6) (MAPKK 6) (EC 2.7.12.2) (MAPK/ERK kinase 6) (MEK 6) (SAPKK3),Map2k6 Prkmk6 Sapkk3,Mus musculus (Mouse),334
P70268,reviewed,PKN1_MOUSE,Serine/threonine-protein kinase N1 (EC 2.7.11.13) (Protein kinase C-like 1) (Protein kinase C-like PKN) (Protein-kinase C-related kinase 1) (Serine-threonine protein kinase N),Pkn1 Pkn Prk1 Prkcl1,Mus musculus (Mouse),946
P70335,reviewed,ROCK1_MOUSE,"Rho-associated protein kinase 1 (EC 2.7.11.1) (Rho-associated, coiled-coil-containing protein kinase 1) (Rho-associated, coiled-coil-containing protein kinase I) (ROCK-I) (p160 ROCK-1) (p160ROCK)",Rock1,Mus musculus (Mouse),1354
P70336,reviewed,ROCK2_MOUSE,"Rho-associated protein kinase 2 (EC 2.7.11.1) (Rho-associated, coiled-coil-containing protein kinase 2) (Rho-associated, coiled-coil-containing protein kinase II) (ROCK-II) (p164 ROCK-2)",Rock2,Mus musculus (Mouse),1388
P70424,reviewed,ERBB2_MOUSE,Receptor tyrosine-protein kinase erbB-2 (EC 2.7.10.1) (Proto-oncogene Neu) (Proto-oncogene c-ErbB-2) (p185erbB2) (CD antigen CD340),Erbb2 Kiaa3023 Neu,Mus musculus (Mouse),1256
P70451,reviewed,FER_MOUSE,Tyrosine-protein kinase Fer (EC 2.7.10.2) (Proto-oncogene c-Fer) (p94-Fer),Fer Fert2,Mus musculus (Mouse),823
P83510,reviewed,TNIK_MOUSE,Traf2 and NCK-interacting protein kinase (EC 2.7.11.1),Tnik Kiaa0551,Mus musculus (Mouse),1323
P83741,reviewed,WNK1_MOUSE,Serine/threonine-protein kinase WNK1 (EC 2.7.11.1) (Protein kinase lysine-deficient 1) (Protein kinase with no lysine 1),Wnk1 Hsn2 Prkwnk1,Mus musculus (Mouse),2377
P97343,reviewed,UHMK1_MOUSE,Serine/threonine-protein kinase Kist (EC 2.7.11.1) (Kinase interacting with stathmin) (PAM COOH-terminal interactor protein 2) (P-CIP2) (U2AF homology motif kinase 1),Uhmk1 Kis Kist,Mus musculus (Mouse),419
P97377,reviewed,CDK2_MOUSE,Cyclin-dependent kinase 2 (EC 2.7.11.22) (Cell division protein kinase 2),Cdk2 Cdkn2,Mus musculus (Mouse),346
P97477,reviewed,AURKA_MOUSE,Aurora kinase A (EC 2.7.11.1) (Aurora 2) (Aurora/IPL1-related kinase 1) (ARK-1) (Aurora-related kinase 1) (Ipl1- and aurora-related kinase 1) (Serine/threonine-protein kinase 15) (Serine/threonine-protein kinase 6) (Serine/threonine-protein kinase Ayk1) (Serine/threonine-protein kinase aurora-A),Aurka Aik Airk1 Ark1 Aura Ayk1 Btak Iak1 Stk15 Stk6,Mus musculus (Mouse),395
P97504,reviewed,BMX_MOUSE,Cytoplasmic tyrosine-protein kinase BMX (EC 2.7.10.2) (Bone marrow tyrosine kinase gene in chromosome X protein homolog),Bmx,Mus musculus (Mouse),651
P97793,reviewed,ALK_MOUSE,ALK tyrosine kinase receptor (EC 2.7.10.1) (Anaplastic lymphoma kinase) (CD antigen CD246),Alk,Mus musculus (Mouse),1621
P97820,reviewed,M4K4_MOUSE,Mitogen-activated protein kinase kinase kinase kinase 4 (EC 2.7.11.1) (HPK/GCK-like kinase HGK) (MAPK/ERK kinase kinase kinase 4) (MEK kinase kinase 4) (MEKKK 4) (Nck-interacting kinase),Map4k4 Nik,Mus musculus (Mouse),1233
Q00342,reviewed,FLT3_MOUSE,Receptor-type tyrosine-protein kinase FLT3 (EC 2.7.10.1) (FL cytokine receptor) (Fetal liver kinase 2) (FLK-2) (Fms-like tyrosine kinase 3) (FLT-3) (Tyrosine-protein kinase receptor flk-2) (CD antigen CD135),Flt3 Flk-2 Flt-3,Mus musculus (Mouse),1000
Q00993,reviewed,UFO_MOUSE,Tyrosine-protein kinase receptor UFO (EC 2.7.10.1) (Adhesion-related kinase),Axl Ark Ufo,Mus musculus (Mouse),888
Q01279,reviewed,EGFR_MOUSE,Epidermal growth factor receptor (EC 2.7.10.1),Egfr,Mus musculus (Mouse),1210
Q01887,reviewed,RYK_MOUSE,Tyrosine-protein kinase RYK (EC 2.7.10.1) (Kinase VIK) (Met-related kinase) (NYK-R),Ryk Mrk,Mus musculus (Mouse),594
Q02111,reviewed,KPCT_MOUSE,Protein kinase C theta type (EC 2.7.11.13) (nPKC-theta),Prkcq Pkcq,Mus musculus (Mouse),707
Q02858,reviewed,TIE2_MOUSE,Angiopoietin-1 receptor (EC 2.7.10.1) (Endothelial tyrosine kinase) (HYK) (STK1) (Tunica interna endothelial cell kinase) (Tyrosine kinase with Ig and EGF homology domains-2) (Tyrosine-protein kinase receptor TEK) (Tyrosine-protein kinase receptor TIE-2) (mTIE2) (p140 TEK) (CD antigen CD202b),Tek Hyk Tie-2 Tie2,Mus musculus (Mouse),1122
Q02956,reviewed,KPCZ_MOUSE,Protein kinase C zeta type (EC 2.7.11.13) (nPKC-zeta),Prkcz Pkcz,Mus musculus (Mouse),592
Q03137,reviewed,EPHA4_MOUSE,Ephrin type-A receptor 4 (EC 2.7.10.1) (Tyrosine-protein kinase receptor MPK-3) (Tyrosine-protein kinase receptor SEK-1),Epha4 Sek Sek1,Mus musculus (Mouse),986
Q03141,reviewed,MARK3_MOUSE,MAP/microtubule affinity-regulating kinase 3 (EC 2.7.11.1) (ELKL motif kinase 2) (EMK-2) (MPK-10),Mark3 Emk2 Mpk10,Mus musculus (Mouse),753
Q03142,reviewed,FGFR4_MOUSE,Fibroblast growth factor receptor 4 (FGFR-4) (EC 2.7.10.1) (Protein-tyrosine kinase receptor MPK-11) (CD antigen CD334),Fgfr4 Fgfr-4 Mpk-11,Mus musculus (Mouse),799
Q03145,reviewed,EPHA2_MOUSE,Ephrin type-A receptor 2 (EC 2.7.10.1) (Epithelial cell kinase) (Tyrosine-protein kinase receptor ECK) (Tyrosine-protein kinase receptor MPK-5) (Tyrosine-protein kinase receptor SEK-2),Epha2 Eck Myk2 Sek2,Mus musculus (Mouse),977
Q03146,reviewed,DDR1_MOUSE,Epithelial discoidin domain-containing receptor 1 (Epithelial discoidin domain receptor 1) (EC 2.7.10.1) (CD167 antigen-like family member A) (Cell adhesion kinase) (Discoidin receptor tyrosine kinase) (Protein-tyrosine kinase MPK-6) (Tyrosine kinase DDR) (Tyrosine-protein kinase CAK) (CD antigen CD167a),Ddr1 Cak Eddr1 Mpk6,Mus musculus (Mouse),911
Q03147,reviewed,CDK7_MOUSE,Cyclin-dependent kinase 7 (EC 2.7.11.22) (EC 2.7.11.23) (39 kDa protein kinase) (P39 Mo15) (CDK-activating kinase) (CR4 protein kinase) (CRK4) (Cell division protein kinase 7) (Protein-tyrosine kinase MPK-7) (TFIIH basal transcription factor complex kinase subunit),Cdk7 Cak Cdkn7 Crk4 Mo15 Mpk-7,Mus musculus (Mouse),346
Q03526,reviewed,ITK_MOUSE,Tyrosine-protein kinase ITK/TSK (EC 2.7.10.2) (IL-2-inducible T-cell kinase) (Kinase EMT) (Kinase TLK) (T-cell-specific kinase),Itk Emt Tlk Tsk,Mus musculus (Mouse),625
Q03963,reviewed,E2AK2_MOUSE,"Interferon-induced, double-stranded RNA-activated protein kinase (EC 2.7.11.1) (Eukaryotic translation initiation factor 2-alpha kinase 2) (eIF-2A protein kinase 2) (Interferon-inducible RNA-dependent protein kinase) (P1/eIF-2A protein kinase) (Protein kinase RNA-activated) (PKR) (Protein kinase R) (Serine/threonine-protein kinase TIK) (Tyrosine-protein kinase EIF2AK2) (EC 2.7.10.2) (p68 kinase)",Eif2ak2 Pkr Prkr Tik,Mus musculus (Mouse),515
Q04735,reviewed,CDK16_MOUSE,Cyclin-dependent kinase 16 (EC 2.7.11.22) (CRK5) (Cell division protein kinase 16) (PCTAIRE-motif protein kinase 1) (Serine/threonine-protein kinase PCTAIRE-1),Cdk16 Crk5 Pctaire1 Pctk1,Mus musculus (Mouse),496
Q04736,reviewed,YES_MOUSE,Tyrosine-protein kinase Yes (EC 2.7.10.2) (Proto-oncogene c-Yes) (p61-Yes),Yes1 Yes,Mus musculus (Mouse),541
Q04859,reviewed,MAK_MOUSE,Serine/threonine-protein kinase MAK (EC 2.7.11.1) (Male germ cell-associated kinase) (Protein kinase RCK),Mak Rck,Mus musculus (Mouse),622
Q05512,reviewed,MARK2_MOUSE,Serine/threonine-protein kinase MARK2 (EC 2.7.11.1) (EC 2.7.11.26) (ELKL motif kinase 1) (EMK-1) (MAP/microtubule affinity-regulating kinase 2) (PAR1 homolog) (PAR1 homolog b) (Par-1b) (mPar-1b),Mark2 Emk,Mus musculus (Mouse),776
Q05921,reviewed,RN5A_MOUSE,2-5A-dependent ribonuclease (2-5A-dependent RNase) (EC 3.1.26.-) (Ribonuclease 4) (Ribonuclease L) (RNase L),Rnasel Rns4,Mus musculus (Mouse),735
Q06806,reviewed,TIE1_MOUSE,Tyrosine-protein kinase receptor Tie-1 (EC 2.7.10.1),Tie1 Tie Tie-1,Mus musculus (Mouse),1134
Q07174,reviewed,M3K8_MOUSE,Mitogen-activated protein kinase kinase kinase 8 (EC 2.7.11.25) (Cancer Osaka thyroid oncogene) (Proto-oncogene c-Cot) (Serine/threonine-protein kinase cot) (Tumor progression locus 2) (TPL-2),Map3k8 Cot Tpl2,Mus musculus (Mouse),467
Q07832,reviewed,PLK1_MOUSE,Serine/threonine-protein kinase PLK1 (EC 2.7.11.21) (Polo-like kinase 1) (PLK-1) (Serine/threonine-protein kinase 13) (STPK13),Plk1 Plk,Mus musculus (Mouse),603
Q0KL02,reviewed,TRIO_MOUSE,Triple functional domain protein (EC 2.7.11.1),Trio,Mus musculus (Mouse),3102
Q14AX6,reviewed,CDK12_MOUSE,"Cyclin-dependent kinase 12 (EC 2.7.11.22) (EC 2.7.11.23) (Cdc2-related kinase, arginine/serine-rich) (CrkRS) (Cell division cycle 2-related protein kinase 7) (CDC2-related protein kinase 7) (Cell division protein kinase 12)",Cdk12 Crk7 Crkrs Kiaa0904,Mus musculus (Mouse),1484
Q1EG27,reviewed,MYO3B_MOUSE,Myosin-IIIb (EC 2.7.11.1),Myo3b,Mus musculus (Mouse),1305
Q1HKZ5,reviewed,M3K13_MOUSE,Mitogen-activated protein kinase kinase kinase 13 (EC 2.7.11.25),Map3k13,Mus musculus (Mouse),959
Q2NL51,reviewed,GSK3A_MOUSE,Glycogen synthase kinase-3 alpha (GSK-3 alpha) (EC 2.7.11.26) (Serine/threonine-protein kinase GSK3A) (EC 2.7.11.1),Gsk3a,Mus musculus (Mouse),490
Q3TUA9,reviewed,SG196_MOUSE,Protein O-mannose kinase (POMK) (EC 2.7.1.183) (Protein kinase-like protein SgK196) (Sugen kinase 196),Pomk Sgk196,Mus musculus (Mouse),349
Q3TYD6,reviewed,LMTK2_MOUSE,Serine/threonine-protein kinase LMTK2 (EC 2.7.11.1) (Brain-enriched kinase) (Lemur tyrosine kinase 2),Lmtk2 Brek Kiaa1079,Mus musculus (Mouse),1471
Q3U3Q1,reviewed,ULK3_MOUSE,Serine/threonine-protein kinase ULK3 (EC 2.7.11.1) (Unc-51-like kinase 3),Ulk3,Mus musculus (Mouse),472
Q3UFB7,reviewed,NTRK1_MOUSE,High affinity nerve growth factor receptor (EC 2.7.10.1) (Neurotrophic tyrosine kinase receptor type 1),Ntrk1,Mus musculus (Mouse),799
Q3UGM2,reviewed,NEK10_MOUSE,Serine/threonine-protein kinase Nek10 (EC 2.7.11.1) (Never in mitosis A-related kinase 10) (NimA-related protein kinase 10),Nek10 Gm282,Mus musculus (Mouse),1111
Q3UH66,reviewed,WNK2_MOUSE,Serine/threonine-protein kinase WNK2 (EC 2.7.11.1) (Protein kinase lysine-deficient 2) (Protein kinase with no lysine 2),Wnk2 Kiaa1760,Mus musculus (Mouse),2149
Q3UHC2,reviewed,LRRK1_MOUSE,Leucine-rich repeat serine/threonine-protein kinase 1 (EC 2.7.11.1),Lrrk1 Kiaa1790,Mus musculus (Mouse),2014
Q3UHJ0,reviewed,AAK1_MOUSE,AP2-associated protein kinase 1 (EC 2.7.11.1) (Adaptor-associated kinase 1),Aak1 Kiaa1048,Mus musculus (Mouse),959
Q3UIZ8,reviewed,MYLK3_MOUSE,Myosin light chain kinase 3 (EC 2.7.11.18) (Cardiac MyBP-C-associated Ca/CaM kinase) (Cardiac MLCK),Mylk3,Mus musculus (Mouse),795
Q3ULB5,reviewed,PAK6_MOUSE,Serine/threonine-protein kinase PAK 6 (EC 2.7.11.1) (p21-activated kinase 6) (PAK-6),Pak6,Mus musculus (Mouse),682
Q3UMM4,reviewed,CDK10_MOUSE,Cyclin-dependent kinase 10 (EC 2.7.11.22) (Cell division protein kinase 10),Cdk10,Mus musculus (Mouse),360
Q3UMW7,reviewed,MAPK3_MOUSE,MAP kinase-activated protein kinase 3 (MAPK-activated protein kinase 3) (MAPKAP kinase 3) (MAPKAP-K3) (MAPKAPK-3) (MK-3) (EC 2.7.11.1),Mapkapk3,Mus musculus (Mouse),384
Q3UTQ8,reviewed,CDKL5_MOUSE,Cyclin-dependent kinase-like 5 (EC 2.7.11.22),Cdkl5,Mus musculus (Mouse),938
Q3UU96,reviewed,MRCKA_MOUSE,Serine/threonine-protein kinase MRCK alpha (EC 2.7.11.1) (CDC42-binding protein kinase alpha),Cdc42bpa Kiaa0451,Mus musculus (Mouse),1719
Q3UUJ4,reviewed,STRAA_MOUSE,STE20-related kinase adapter protein alpha (STRAD alpha) (STE20-related adapter protein),Strada Lyk5 Strad,Mus musculus (Mouse),431
Q3UVC0,reviewed,KSR2_MOUSE,Kinase suppressor of Ras 2 (EC 2.7.11.1),Ksr2,Mus musculus (Mouse),951
Q3UVR3,reviewed,TTBK2_MOUSE,Tau-tubulin kinase 2 (EC 2.7.11.1) (Protein bartleby),Ttbk2 Bby Kiaa0847 Ttbk1,Mus musculus (Mouse),1243
Q3UYH7,reviewed,ARBK2_MOUSE,G protein-coupled receptor kinase 3 (EC 2.7.11.15) (Beta-adrenergic receptor kinase 2) (Beta-ARK-2),Grk3 Adrbk2,Mus musculus (Mouse),688
Q3V016,reviewed,HIPK4_MOUSE,Homeodomain-interacting protein kinase 4 (EC 2.7.11.1),Hipk4 Gm162,Mus musculus (Mouse),616
Q3V129,reviewed,ULK4_MOUSE,Serine/threonine-protein kinase ULK4 (EC 2.7.11.1) (Unc-51-like kinase 4),Ulk4,Mus musculus (Mouse),1303
Q3V3A1,reviewed,CDK15_MOUSE,Cyclin-dependent kinase 15 (EC 2.7.11.22) (Amyotrophic lateral sclerosis 2 chromosomal region candidate gene 7 protein homolog) (Cell division protein kinase 15) (Serine/threonine-protein kinase ALS2CR7) (Serine/threonine-protein kinase PFTAIRE-2),Cdk15 Als2cr7 Pftk2,Mus musculus (Mouse),433
Q4FZD7,reviewed,PLK5_MOUSE,Inactive serine/threonine-protein kinase PLK5 (Polo-like kinase 5) (PLK-5),Plk5,Mus musculus (Mouse),595
Q4JIM5,reviewed,ABL2_MOUSE,Tyrosine-protein kinase ABL2 (EC 2.7.10.2) (Abelson murine leukemia viral oncogene homolog 2) (Abelson tyrosine-protein kinase 2) (Abelson-related gene protein) (Tyrosine-protein kinase ARG),Abl2 Arg,Mus musculus (Mouse),1182
Q571I4,reviewed,PRAG1_MOUSE,Inactive tyrosine-protein kinase PRAG1 (Notch activation complex kinase) (PEAK1-related kinase-activating pseudokinase 1) (Sugen kinase 223) (Tyrosine-protein kinase SgK223),Prag1 D8Ertd82e Nack Sgk223,Mus musculus (Mouse),1373
Q5EG47,reviewed,AAPK1_MOUSE,5'-AMP-activated protein kinase catalytic subunit alpha-1 (AMPK subunit alpha-1) (EC 2.7.11.1) (Acetyl-CoA carboxylase kinase) (ACACA kinase) (Hydroxymethylglutaryl-CoA reductase kinase) (HMGCR kinase) (EC 2.7.11.31) (Tau-protein kinase PRKAA1) (EC 2.7.11.26),Prkaa1,Mus musculus (Mouse),559
Q5F2E8,reviewed,TAOK1_MOUSE,Serine/threonine-protein kinase TAO1 (EC 2.7.11.1) (Thousand and one amino acid protein 1),Taok1 Kiaa1361,Mus musculus (Mouse),1001
Q5GIG6,reviewed,TNI3K_MOUSE,Serine/threonine-protein kinase TNNI3K (EC 2.7.11.1) (Cardiac ankyrin repeat kinase) (TNNI3-interacting kinase),Tnni3k Cark,Mus musculus (Mouse),834
Q5RJI4,reviewed,PKDCC_MOUSE,"Extracellular tyrosine-protein kinase PKDCC (EC 2.7.10.2) (Protein kinase domain-containing protein, cytoplasmic) (Protein kinase-like protein SgK493) (Sugen kinase 493) (Vertebrate lonesome kinase)",Pkdcc Sgk493 Vlk,Mus musculus (Mouse),492
Q5RJI5,reviewed,BRSK1_MOUSE,Serine/threonine-protein kinase BRSK1 (EC 2.7.11.1) (EC 2.7.11.26) (Brain-specific serine/threonine-protein kinase 1) (BR serine/threonine-protein kinase 1) (Serine/threonine-protein kinase SAD-B),Brsk1 Gm1100 Sadb,Mus musculus (Mouse),778
Q5S006,reviewed,LRRK2_MOUSE,Leucine-rich repeat serine/threonine-protein kinase 2 (EC 2.7.11.1) (EC 3.6.5.-),Lrrk2,Mus musculus (Mouse),2527
Q5U4C9,reviewed,DYRK2_MOUSE,Dual specificity tyrosine-phosphorylation-regulated kinase 2 (EC 2.7.12.1),Dyrk2,Mus musculus (Mouse),599
Q5XJV6,reviewed,LMTK3_MOUSE,Serine/threonine-protein kinase LMTK3 (EC 2.7.11.1) (Apoptosis-associated tyrosine kinase 3) (Lemur tyrosine kinase 3),Lmtk3 Aatyk3,Mus musculus (Mouse),1424
Q60592,reviewed,MAST2_MOUSE,Microtubule-associated serine/threonine-protein kinase 2 (EC 2.7.11.1),Mast2 Mast205,Mus musculus (Mouse),1734
Q60629,reviewed,EPHA5_MOUSE,Ephrin type-A receptor 5 (EC 2.7.10.1) (Brain-specific kinase) (CEK-7) (EPH homology kinase 1) (EHK-1),Epha5 Bsk Ehk1,Mus musculus (Mouse),876
Q60670,reviewed,SIK1_MOUSE,Serine/threonine-protein kinase SIK1 (EC 2.7.11.1) (HRT-20) (Myocardial SNF1-like kinase) (Salt-inducible kinase 1) (SIK-1) (Serine/threonine-protein kinase SNF1-like kinase 1) (Serine/threonine-protein kinase SNF1LK),Sik1 Msk Sik Snf1lk,Mus musculus (Mouse),779
Q60680,reviewed,IKKA_MOUSE,Inhibitor of nuclear factor kappa-B kinase subunit alpha (I-kappa-B kinase alpha) (IKK-A) (IKK-alpha) (IkBKA) (IkappaB kinase) (EC 2.7.11.10) (Conserved helix-loop-helix ubiquitous kinase) (I-kappa-B kinase 1) (IKK1) (Nuclear factor NF-kappa-B inhibitor kinase alpha) (NFKBIKA),Chuk Ikka,Mus musculus (Mouse),745
Q60700,reviewed,M3K12_MOUSE,Mitogen-activated protein kinase kinase kinase 12 (EC 2.7.11.25) (Dual leucine zipper bearing kinase) (DLK) (Leucine-zipper protein kinase) (ZPK) (MAPK-upstream kinase) (MUK) (Mixed lineage kinase),Map3k12 Zpk,Mus musculus (Mouse),888
Q60737,reviewed,CSK21_MOUSE,Casein kinase II subunit alpha (CK II alpha) (EC 2.7.11.1),Csnk2a1 Ckiia,Mus musculus (Mouse),391
Q60750,reviewed,EPHA1_MOUSE,Ephrin type-A receptor 1 (mEpha1) (EC 2.7.10.1) (Embryonic stem cell kinase) (Tyrosine-protein kinase receptor ESK),Epha1 Esk,Mus musculus (Mouse),977
Q60751,reviewed,IGF1R_MOUSE,Insulin-like growth factor 1 receptor (EC 2.7.10.1) (Insulin-like growth factor I receptor) (IGF-I receptor) (CD antigen CD221) [Cleaved into: Insulin-like growth factor 1 receptor alpha chain; Insulin-like growth factor 1 receptor beta chain],Igf1r,Mus musculus (Mouse),1373
Q60805,reviewed,MERTK_MOUSE,Tyrosine-protein kinase Mer (EC 2.7.10.1) (Proto-oncogene c-Mer) (Receptor tyrosine kinase MerTK),Mertk Mer,Mus musculus (Mouse),994
Q60806,reviewed,PLK3_MOUSE,Serine/threonine-protein kinase PLK3 (EC 2.7.11.21) (Cytokine-inducible serine/threonine-protein kinase) (FGF-inducible kinase) (Polo-like kinase 3) (PLK-3),Plk3 Cnk Fnk,Mus musculus (Mouse),631
Q60823,reviewed,AKT2_MOUSE,RAC-beta serine/threonine-protein kinase (EC 2.7.11.1) (Protein kinase Akt-2) (Protein kinase B beta) (PKB beta) (RAC-PK-beta),Akt2,Mus musculus (Mouse),481
Q60855,reviewed,RIPK1_MOUSE,Receptor-interacting serine/threonine-protein kinase 1 (EC 2.7.11.1) (Cell death protein RIP) (Receptor-interacting protein 1) (RIP-1),Ripk1 Rinp Rip,Mus musculus (Mouse),656
Q60936,reviewed,COQ8A_MOUSE,"Atypical kinase COQ8A, mitochondrial (EC 2.7.-.-) (Chaperone activity of bc1 complex-like) (Chaperone-ABC1-like) (Coenzyme Q protein 8A) (aarF domain-containing protein kinase 3)",Coq8a Adck3 Cabc1,Mus musculus (Mouse),645
Q61006,reviewed,MUSK_MOUSE,"Muscle, skeletal receptor tyrosine-protein kinase (EC 2.7.10.1) (Muscle-specific tyrosine-protein kinase receptor) (MuSK) (Muscle-specific kinase receptor)",Musk Nsk2,Mus musculus (Mouse),868
Q61036,reviewed,PAK3_MOUSE,Serine/threonine-protein kinase PAK 3 (EC 2.7.11.1) (Beta-PAK) (CDC42/RAC effector kinase PAK-B) (p21-activated kinase 3) (PAK-3),Pak3 Pak-3 Pakb Stk4,Mus musculus (Mouse),559
Q61083,reviewed,M3K2_MOUSE,Mitogen-activated protein kinase kinase kinase 2 (EC 2.7.11.25) (MAPK/ERK kinase kinase 2) (MEK kinase 2) (MEKK 2),Map3k2 Mekk2,Mus musculus (Mouse),619
Q61084,reviewed,M3K3_MOUSE,Mitogen-activated protein kinase kinase kinase 3 (EC 2.7.11.25) (MAPK/ERK kinase kinase 3) (MEK kinase 3) (MEKK 3),Map3k3 Mekk3,Mus musculus (Mouse),626
Q61097,reviewed,KSR1_MOUSE,Kinase suppressor of Ras 1 (mKSR1) (EC 2.7.11.1) (Protein Hb),Ksr1 Ksr,Mus musculus (Mouse),873
Q61136,reviewed,PRP4B_MOUSE,Serine/threonine-protein kinase PRP4 homolog (EC 2.7.11.1) (PRP4 pre-mRNA-processing factor 4 homolog) (Pre-mRNA protein kinase),Prpf4b Cbp143 Prp4h Prp4k Prp4m Prpk,Mus musculus (Mouse),1007
Q61161,reviewed,M4K2_MOUSE,Mitogen-activated protein kinase kinase kinase kinase 2 (EC 2.7.11.1) (Germinal center kinase) (GCK) (MAPK/ERK kinase kinase kinase 2) (MEK kinase kinase 2) (MEKKK 2) (Rab8-interacting protein),Map4k2 Rab8ip,Mus musculus (Mouse),821
Q61214,reviewed,DYR1A_MOUSE,Dual specificity tyrosine-phosphorylation-regulated kinase 1A (EC 2.7.11.23) (EC 2.7.12.1) (Dual specificity YAK1-related kinase) (MP86) (Protein kinase minibrain homolog) (MNBH),Dyrk1a Dyrk,Mus musculus (Mouse),763
Q61241,reviewed,TSSK1_MOUSE,Testis-specific serine/threonine-protein kinase 1 (TSK-1) (TSK1) (TSSK-1) (Testis-specific kinase 1) (EC 2.7.11.1) (Serine/threonine-protein kinase 22A),Tssk1b Stk22a Tssk1,Mus musculus (Mouse),365
Q61271,reviewed,ACV1B_MOUSE,Activin receptor type-1B (EC 2.7.11.30) (Activin receptor type IB) (ACTR-IB) (Activin receptor-like kinase 4) (ALK-4) (Serine/threonine-protein kinase receptor R2) (SKR2),Acvr1b Alk4,Mus musculus (Mouse),505
Q61288,reviewed,ACVL1_MOUSE,Serine/threonine-protein kinase receptor R3 (SKR3) (EC 2.7.11.30) (Activin receptor-like kinase 1) (ALK-1) (TGF-B superfamily receptor type I) (TSR-I),Acvrl1 Acvrlk1 Alk-1,Mus musculus (Mouse),502
Q61410,reviewed,KGP2_MOUSE,cGMP-dependent protein kinase 2 (cGK 2) (cGK2) (EC 2.7.11.12) (cGMP-dependent protein kinase II) (cGKII),Prkg2 Prkgr2,Mus musculus (Mouse),762
Q61526,reviewed,ERBB3_MOUSE,Receptor tyrosine-protein kinase erbB-3 (EC 2.7.10.1) (Glial growth factor receptor) (Proto-oncogene-like protein c-ErbB-3),Erbb3,Mus musculus (Mouse),1339
Q61527,reviewed,ERBB4_MOUSE,Receptor tyrosine-protein kinase erbB-4 (EC 2.7.10.1) (Proto-oncogene-like protein c-ErbB-4) [Cleaved into: ERBB4 intracellular domain (4ICD) (E4ICD) (s80HER4)],Erbb4 Mer4,Mus musculus (Mouse),1308
Q61532,reviewed,MK06_MOUSE,Mitogen-activated protein kinase 6 (MAP kinase 6) (MAPK 6) (EC 2.7.11.24) (Extracellular signal-regulated kinase 3) (ERK-3),Mapk6 Erk3 Prkm4 Prkm6,Mus musculus (Mouse),720
Q61772,reviewed,EPHA7_MOUSE,Ephrin type-A receptor 7 (EC 2.7.10.1) (Developmental kinase 1) (mDK-1) (EPH homology kinase 3) (EHK-3) (Embryonic brain kinase) (EBK),Epha7 Ebk Ehk3 Mdk1,Mus musculus (Mouse),998
Q61831,reviewed,MK10_MOUSE,Mitogen-activated protein kinase 10 (MAP kinase 10) (MAPK 10) (EC 2.7.11.24) (MAP kinase p49 3F12) (Stress-activated protein kinase JNK3) (c-Jun N-terminal kinase 3),Mapk10 Jnk3 Prkm10 Serk2,Mus musculus (Mouse),464
Q61846,reviewed,MELK_MOUSE,Maternal embryonic leucine zipper kinase (EC 2.7.11.1) (Protein kinase PK38) (mPK38) (Tyrosine-protein kinase MELK) (EC 2.7.10.2),Melk Kiaa0175 Pk38,Mus musculus (Mouse),643
Q61851,reviewed,FGFR3_MOUSE,Fibroblast growth factor receptor 3 (FGFR-3) (EC 2.7.10.1) (Heparin-binding growth factor receptor) (CD antigen CD333),Fgfr3 Mfr3 Sam3,Mus musculus (Mouse),801
Q62070,reviewed,PIM2_MOUSE,Serine/threonine-protein kinase pim-2 (EC 2.7.11.1),Pim2 Pim-2,Mus musculus (Mouse),370
Q62073,reviewed,M3K7_MOUSE,Mitogen-activated protein kinase kinase kinase 7 (EC 2.7.11.25) (Transforming growth factor-beta-activated kinase 1) (TGF-beta-activated kinase 1),Map3k7 Tak1,Mus musculus (Mouse),579
Q62074,reviewed,KPCI_MOUSE,Protein kinase C iota type (EC 2.7.11.13) (Atypical protein kinase C-lambda/iota) (aPKC-lambda/iota) (nPKC-iota),Prkci Pkcl,Mus musculus (Mouse),595
Q62101,reviewed,KPCD1_MOUSE,Serine/threonine-protein kinase D1 (EC 2.7.11.13) (Protein kinase C mu type) (Protein kinase D) (nPKC-D1) (nPKC-mu),Prkd1 Pkcm Pkd Prkcm,Mus musculus (Mouse),918
Q62120,reviewed,JAK2_MOUSE,Tyrosine-protein kinase JAK2 (EC 2.7.10.2) (Janus kinase 2) (JAK-2),Jak2,Mus musculus (Mouse),1132
Q62137,reviewed,JAK3_MOUSE,Tyrosine-protein kinase JAK3 (EC 2.7.10.2) (Janus kinase 3) (JAK-3),Jak3,Mus musculus (Mouse),1100
Q62190,reviewed,RON_MOUSE,Macrophage-stimulating protein receptor (MSP receptor) (EC 2.7.10.1) (Stem cell-derived tyrosine kinase) (p185-Ron) (CD antigen CD136) [Cleaved into: Macrophage-stimulating protein receptor alpha chain; Macrophage-stimulating protein receptor beta chain],Mst1r Ron Stk,Mus musculus (Mouse),1378
Q62270,reviewed,SRMS_MOUSE,Tyrosine-protein kinase Srms (EC 2.7.10.2) (PTK70),Srms Srm,Mus musculus (Mouse),496
Q62312,reviewed,TGFR2_MOUSE,TGF-beta receptor type-2 (TGFR-2) (EC 2.7.11.30) (TGF-beta type II receptor) (Transforming growth factor-beta receptor type II) (TGF-beta receptor type II) (TbetaR-II),Tgfbr2,Mus musculus (Mouse),567
Q62371,reviewed,DDR2_MOUSE,"Discoidin domain-containing receptor 2 (Discoidin domain receptor 2) (EC 2.7.10.1) (CD167 antigen-like family member B) (Neurotrophic tyrosine kinase, receptor-related 3) (Receptor protein-tyrosine kinase TKT) (Tyrosine-protein kinase TYRO10) (CD antigen CD167b)",Ddr2 Ntrkr3 Tkt Tyro10,Mus musculus (Mouse),854
Q62406,reviewed,IRAK1_MOUSE,Interleukin-1 receptor-associated kinase 1 (IRAK) (IRAK-1) (EC 2.7.11.1) (Pelle-like protein kinase) (mPLK),Irak1 Il1rak,Mus musculus (Mouse),710
Q62407,reviewed,SPEG_MOUSE,Striated muscle-specific serine/threonine-protein kinase (EC 2.7.11.1) (Aortic preferentially expressed protein 1) (APEG-1),Speg Apeg1 Kiaa1297,Mus musculus (Mouse),3262
Q62413,reviewed,EPHA6_MOUSE,Ephrin type-A receptor 6 (EC 2.7.10.1) (EPH homology kinase 2) (EHK-2),Epha6 Ehk-2 Ehk2,Mus musculus (Mouse),1035
Q63844,reviewed,MK03_MOUSE,Mitogen-activated protein kinase 3 (MAP kinase 3) (MAPK 3) (EC 2.7.11.24) (ERT2) (Extracellular signal-regulated kinase 1) (ERK-1) (Insulin-stimulated MAP2 kinase) (MAP kinase isoform p44) (p44-MAPK) (MNK1) (Microtubule-associated protein 2 kinase) (p44-ERK1),Mapk3 Erk1 Prkm3,Mus musculus (Mouse),380
Q63932,reviewed,MP2K2_MOUSE,Dual specificity mitogen-activated protein kinase kinase 2 (MAP kinase kinase 2) (MAPKK 2) (EC 2.7.12.2) (ERK activator kinase 2) (MAPK/ERK kinase 2) (MEK 2),Map2k2 Mek2 Mkk2 Prkmk2,Mus musculus (Mouse),401
Q640Q5,reviewed,PAN3_MOUSE,PAN2-PAN3 deadenylation complex subunit Pan3 (PAB1P-dependent poly(A)-specific ribonuclease) (Poly(A)-nuclease deadenylation complex subunit 3) (PAN deadenylation complex subunit 3),Pan3,Mus musculus (Mouse),887
Q641K5,reviewed,NUAK1_MOUSE,NUAK family SNF1-like kinase 1 (EC 2.7.11.1) (AMPK-related protein kinase 5) (Omphalocele kinase 1),Nuak1 Kiaa0537 Omphk1,Mus musculus (Mouse),658
Q64261,reviewed,CDK6_MOUSE,Cyclin-dependent kinase 6 (EC 2.7.11.22) (CR2 protein kinase) (CRK2) (Cell division protein kinase 6) (Serine/threonine-protein kinase PLSTIRE),Cdk6 Cdkn6 Crk2,Mus musculus (Mouse),326
Q64434,reviewed,PTK6_MOUSE,Protein-tyrosine kinase 6 (EC 2.7.10.2) (SRC-related intestinal kinase),Ptk6 Sik,Mus musculus (Mouse),451
Q64702,reviewed,PLK4_MOUSE,Serine/threonine-protein kinase PLK4 (EC 2.7.11.21) (Polo-like kinase 4) (PLK-4) (Serine/threonine-protein kinase 18) (Serine/threonine-protein kinase Sak),Plk4 Sak Stk18,Mus musculus (Mouse),925
Q64729,reviewed,TGFR1_MOUSE,TGF-beta receptor type-1 (TGFR-1) (EC 2.7.11.30) (ESK2) (Transforming growth factor-beta receptor type I) (TGF-beta receptor type I) (TbetaR-I),Tgfbr1,Mus musculus (Mouse),503
Q66JT0,reviewed,WEE2_MOUSE,Wee1-like protein kinase 2 (EC 2.7.10.2) (Wee1-like protein kinase 1B) (Wee1B kinase) (mWee1B),Wee2 Wee1b,Mus musculus (Mouse),555
Q66L42,reviewed,M3K10_MOUSE,Mitogen-activated protein kinase kinase kinase 10 (EC 2.7.11.25),Map3k10,Mus musculus (Mouse),940
Q69Z38,reviewed,PEAK1_MOUSE,Inactive tyrosine-protein kinase PEAK1 (Pseudopodium-enriched atypical kinase 1) (Sugen kinase 269) (Tyrosine-protein kinase SgK269),Peak1 Kiaa2002 Sgk269,Mus musculus (Mouse),1735
Q69Z98,reviewed,BRSK2_MOUSE,Serine/threonine-protein kinase BRSK2 (EC 2.7.11.1) (EC 2.7.11.26) (Brain-specific serine/threonine-protein kinase 2) (BR serine/threonine-protein kinase 2) (Serine/threonine-protein kinase SAD-A),Brsk2 Kiaa4256 Sada,Mus musculus (Mouse),735
Q69ZA1,reviewed,CDK13_MOUSE,Cyclin-dependent kinase 13 (EC 2.7.11.22) (EC 2.7.11.23) (CDC2-related protein kinase 5) (Cell division cycle 2-like protein kinase 5) (Cell division protein kinase 13),Cdk13 Cdc2l5 Kiaa1791,Mus musculus (Mouse),1511
Q69ZM6,reviewed,STK36_MOUSE,Serine/threonine-protein kinase 36 (EC 2.7.11.1) (Fused homolog),Stk36 Kiaa1278,Mus musculus (Mouse),1316
Q6P4S6,reviewed,SIK3_MOUSE,Serine/threonine-protein kinase SIK3 (EC 2.7.11.1) (Salt-inducible kinase 3) (SIK-3) (Serine/threonine-protein kinase QSK),Sik3 Kiaa0999 Qsk,Mus musculus (Mouse),1369
Q6P5G0,reviewed,MK04_MOUSE,Mitogen-activated protein kinase 4 (MAP kinase 4) (MAPK 4) (EC 2.7.11.24) (Extracellular signal-regulated kinase 4) (ERK-4),Mapk4 Erk4 Prkm4,Mus musculus (Mouse),583
Q6P9R2,reviewed,OXSR1_MOUSE,Serine/threonine-protein kinase OSR1 (EC 2.7.11.1) (Oxidative stress-responsive 1 protein),Oxsr1 Osr1,Mus musculus (Mouse),527
Q6PCN3,reviewed,TTBK1_MOUSE,Tau-tubulin kinase 1 (EC 2.7.11.1),Ttbk1,Mus musculus (Mouse),1308
Q6PDN3,reviewed,MYLK_MOUSE,"Myosin light chain kinase, smooth muscle (MLCK) (smMLCK) (EC 2.7.11.18) (Kinase-related protein) (KRP) (Telokin) [Cleaved into: Myosin light chain kinase, smooth muscle, deglutamylated form]",Mylk,Mus musculus (Mouse),1941
Q6PGN3,reviewed,DCLK2_MOUSE,Serine/threonine-protein kinase DCLK2 (EC 2.7.11.1) (CaMK-like CREB regulatory kinase 2) (CL2) (CLICK-II) (CLICK2) (Doublecortin-like and CAM kinase-like 2) (Doublecortin-like kinase 2),Dclk2 Dcamkl2,Mus musculus (Mouse),756
Q6PHZ2,reviewed,KCC2D_MOUSE,Calcium/calmodulin-dependent protein kinase type II subunit delta (CaM kinase II subunit delta) (CaMK-II subunit delta) (EC 2.7.11.17),Camk2d Kiaa4163,Mus musculus (Mouse),499
Q6VNS1,reviewed,NTRK3_MOUSE,NT-3 growth factor receptor (EC 2.7.10.1) (GP145-TrkC) (Trk-C) (Neurotrophic tyrosine kinase receptor type 3) (TrkC tyrosine kinase),Ntrk3 TrkC,Mus musculus (Mouse),825
Q6XUX1,reviewed,DUSTY_MOUSE,Dual serine/threonine and tyrosine protein kinase (EC 2.7.12.1) (Dusty protein kinase) (Dusty PK) (Receptor-interacting serine/threonine-protein kinase 5),Dstyk Ripk5,Mus musculus (Mouse),927
Q6ZQ29,reviewed,TAOK2_MOUSE,Serine/threonine-protein kinase TAO2 (EC 2.7.11.1) (Thousand and one amino acid protein 2),Taok2 Kiaa0881,Mus musculus (Mouse),1240
Q78DX7,reviewed,ROS1_MOUSE,Proto-oncogene tyrosine-protein kinase ROS (EC 2.7.10.1) (Proto-oncogene c-Ros) (Proto-oncogene c-Ros-1) (Receptor tyrosine kinase c-ros oncogene 1) (c-Ros receptor tyrosine kinase),Ros1 Ros Ros-1,Mus musculus (Mouse),2340
Q7M6U3,reviewed,TEX14_MOUSE,Inactive serine/threonine-protein kinase TEX14 (Testis-expressed sequence 14) (Testis-expressed sequence 14 protein),Tex14,Mus musculus (Mouse),1450
Q7TNL3,reviewed,STK40_MOUSE,Serine/threonine-protein kinase 40 (EC 2.7.11.1) (Serine/threonine-protein kinase lyk4),Stk40 Lyk4,Mus musculus (Mouse),435
Q7TPS0,reviewed,KS6A6_MOUSE,Ribosomal protein S6 kinase alpha-6 (S6K-alpha-6) (EC 2.7.11.1),Rps6ka6,Mus musculus (Mouse),764
Q7TSE6,reviewed,ST38L_MOUSE,Serine/threonine-protein kinase 38-like (EC 2.7.11.1) (NDR2 protein kinase) (Nuclear Dbf2-related kinase 2),Stk38l Ndr2,Mus musculus (Mouse),464
Q7TSJ6,reviewed,LATS2_MOUSE,Serine/threonine-protein kinase LATS2 (EC 2.7.11.1) (Kinase phosphorylated during mitosis protein) (Large tumor suppressor homolog 2) (Serine/threonine-protein kinase kpm),Lats2,Mus musculus (Mouse),1042
Q7TT50,reviewed,MRCKB_MOUSE,Serine/threonine-protein kinase MRCK beta (EC 2.7.11.1) (CDC42-binding protein kinase beta) (DMPK-like beta) (Myotonic dystrophy kinase-related CDC42-binding kinase beta) (MRCK beta) (Myotonic dystrophy protein kinase-like beta),Cdc42bpb Kiaa1124,Mus musculus (Mouse),1713
Q80UE6,reviewed,WNK4_MOUSE,Serine/threonine-protein kinase WNK4 (EC 2.7.11.1) (Protein kinase lysine-deficient 4) (Protein kinase with no lysine 4),Wnk4 Prkwnk4,Mus musculus (Mouse),1222
Q80UW5,reviewed,MRCKG_MOUSE,Serine/threonine-protein kinase MRCK gamma (EC 2.7.11.1) (CDC42-binding protein kinase gamma) (DMPK-like gamma) (Myotonic dystrophy kinase-related CDC42-binding kinase gamma) (MRCK gamma) (Myotonic dystrophy protein kinase-like gamma) (Myotonic dystrophy protein kinase-like alpha),Cdc42bpg,Mus musculus (Mouse),1551
Q80X41,reviewed,VRK1_MOUSE,Serine/threonine-protein kinase VRK1 (EC 2.7.11.1) (Serine/threonine-protein kinase 51PK) (Vaccinia-related kinase 1),Vrk1,Mus musculus (Mouse),440
Q80XI6,reviewed,M3K11_MOUSE,Mitogen-activated protein kinase kinase kinase 11 (EC 2.7.11.25) (Mixed lineage kinase 3),Map3k11 Mlk3,Mus musculus (Mouse),850
Q80XP9,reviewed,WNK3_MOUSE,Serine/threonine-protein kinase WNK3 (EC 2.7.11.1) (Protein kinase lysine-deficient 3) (Protein kinase with no lysine 3),Wnk3,Mus musculus (Mouse),1757
Q80Y86,reviewed,MK15_MOUSE,Mitogen-activated protein kinase 15 (MAP kinase 15) (MAPK 15) (EC 2.7.11.24) (Extracellular signal-regulated kinase 7) (ERK-7) (Extracellular signal-regulated kinase 8) (ERK-8),Mapk15 Erk7 Erk8,Mus musculus (Mouse),549
Q80YE4,reviewed,LMTK1_MOUSE,Serine/threonine-protein kinase LMTK1 (EC 2.7.11.1) (Apoptosis-associated tyrosine kinase) (AATYK) (Brain apoptosis-associated tyrosine kinase) (Lemur tyrosine kinase 1),Aatk Aatyk Kiaa0641 Lmr1 Lmtk1,Mus musculus (Mouse),1365
Q80YE7,reviewed,DAPK1_MOUSE,Death-associated protein kinase 1 (DAP kinase 1) (EC 2.7.11.1),Dapk1,Mus musculus (Mouse),1442
Q80YP0,reviewed,CDK3_MOUSE,Cyclin-dependent kinase 3 (EC 2.7.11.22) (Cell division protein kinase 3),Cdk3 Cdk3-ps Cdkn3,Mus musculus (Mouse),304
Q8BG48,reviewed,ST17B_MOUSE,Serine/threonine-protein kinase 17B (EC 2.7.11.1) (DAP kinase-related apoptosis-inducing protein kinase 2),Stk17b Drak2,Mus musculus (Mouse),372
Q8BI55,reviewed,DYRK4_MOUSE,Dual specificity tyrosine-phosphorylation-regulated kinase 4 (EC 2.7.12.1),Dyrk4,Mus musculus (Mouse),632
Q8BK63,reviewed,KC1A_MOUSE,Casein kinase I isoform alpha (CKI-alpha) (EC 2.7.11.1) (CK1),Csnk1a1,Mus musculus (Mouse),337
Q8BKG3,reviewed,PTK7_MOUSE,Inactive tyrosine-protein kinase 7 (Protein chuzhoi) (Protein-tyrosine kinase 7) (Pseudo tyrosine kinase receptor 7) (Tyrosine-protein kinase-like 7),Ptk7,Mus musculus (Mouse),1062
Q8BLF2,reviewed,CDKL3_MOUSE,Cyclin-dependent kinase-like 3 (EC 2.7.11.22),Cdkl3,Mus musculus (Mouse),595
Q8BLK9,reviewed,KS6C1_MOUSE,Ribosomal protein S6 kinase delta-1 (S6K-delta-1) (EC 2.7.11.1) (52 kDa ribosomal protein S6 kinase),Rps6kc1,Mus musculus (Mouse),1056
Q8BN21,reviewed,VRK2_MOUSE,Serine/threonine-protein kinase VRK2 (EC 2.7.11.1) (Vaccinia-related kinase 2),Vrk2,Mus musculus (Mouse),503
Q8BRK8,reviewed,AAPK2_MOUSE,5'-AMP-activated protein kinase catalytic subunit alpha-2 (AMPK subunit alpha-2) (EC 2.7.11.1) (Acetyl-CoA carboxylase kinase) (ACACA kinase) (Hydroxymethylglutaryl-CoA reductase kinase) (HMGCR kinase) (EC 2.7.11.31),Prkaa2,Mus musculus (Mouse),552
Q8BSK8,reviewed,KS6B1_MOUSE,Ribosomal protein S6 kinase beta-1 (S6K-beta-1) (S6K1) (EC 2.7.11.1) (70 kDa ribosomal protein S6 kinase 1) (P70S6K1) (p70-S6K 1) (Ribosomal protein S6 kinase I) (S6K) (p70 ribosomal S6 kinase alpha) (p70 S6 kinase alpha) (p70 S6K-alpha) (p70 S6KA),Rps6kb1,Mus musculus (Mouse),525
Q8BTH8,reviewed,KC1G1_MOUSE,Casein kinase I isoform gamma-1 (CKI-gamma 1) (EC 2.7.11.1),Csnk1g1,Mus musculus (Mouse),459
Q8BTW9,reviewed,PAK4_MOUSE,Serine/threonine-protein kinase PAK 4 (EC 2.7.11.1) (p21-activated kinase 4) (PAK-4),Pak4 Kiaa1142,Mus musculus (Mouse),593
Q8BVP5,reviewed,KC1G2_MOUSE,Casein kinase I isoform gamma-2 (CKI-gamma 2) (EC 2.7.11.1),Csnk1g2 Ck1g2,Mus musculus (Mouse),415
Q8BW96,reviewed,KCC1D_MOUSE,Calcium/calmodulin-dependent protein kinase type 1D (EC 2.7.11.17) (CaM kinase I delta) (CaM-KI delta) (CaMKI delta) (CaM kinase ID) (CaMKI-like protein kinase) (CKLiK) (mCKLiK),Camk1d,Mus musculus (Mouse),385
Q8BWQ5,reviewed,DCLK3_MOUSE,Serine/threonine-protein kinase DCLK3 (EC 2.7.11.1) (CLICK-I and II-related) (CLr) (Doublecortin-like and CAM kinase-like 3) (Doublecortin-like kinase 3),Dclk3 Dcamkl3,Mus musculus (Mouse),790
Q8BWW9,reviewed,PKN2_MOUSE,Serine/threonine-protein kinase N2 (EC 2.7.11.13) (PKN gamma) (Protein kinase C-like 2) (Protein-kinase C-related kinase 2),Pkn2 Prk2 Prkcl2,Mus musculus (Mouse),983
Q8BX57,reviewed,PXK_MOUSE,"PX domain-containing protein kinase-like protein (Modulator of Na,K-ATPase) (MONaKA)",Pxk,Mus musculus (Mouse),582
Q8BYC6,reviewed,TAOK3_MOUSE,Serine/threonine-protein kinase TAO3 (EC 2.7.11.1) (Thousand and one amino acid protein 3),Taok3,Mus musculus (Mouse),898
Q8BYR2,reviewed,LATS1_MOUSE,Serine/threonine-protein kinase LATS1 (EC 2.7.11.1) (Large tumor suppressor homolog 1) (WARTS protein kinase),Lats1 Warts,Mus musculus (Mouse),1129
Q8BZ03,reviewed,KPCD2_MOUSE,Serine/threonine-protein kinase D2 (EC 2.7.11.13) (nPKC-D2),Prkd2,Mus musculus (Mouse),875
Q8BZN4,reviewed,NUAK2_MOUSE,NUAK family SNF1-like kinase 2 (EC 2.7.11.1) (Omphalocele kinase 2),Nuak2 Omphk2,Mus musculus (Mouse),639
Q8C015,reviewed,PAK5_MOUSE,Serine/threonine-protein kinase PAK 5 (EC 2.7.11.1) (p21-activated kinase 5) (PAK-5) (p21-activated kinase 7) (PAK-7),Pak5 Pak7,Mus musculus (Mouse),719
Q8C050,reviewed,KS6A5_MOUSE,Ribosomal protein S6 kinase alpha-5 (S6K-alpha-5) (EC 2.7.11.1) (90 kDa ribosomal protein S6 kinase 5) (Nuclear mitogen- and stress-activated protein kinase 1) (RSK-like protein kinase) (RLSK),Rps6ka5 Msk1,Mus musculus (Mouse),863
Q8C078,reviewed,KKCC2_MOUSE,Calcium/calmodulin-dependent protein kinase kinase 2 (CaM-KK 2) (CaM-kinase kinase 2) (CaMKK 2) (EC 2.7.11.17) (Calcium/calmodulin-dependent protein kinase kinase beta) (CaM-KK beta) (CaM-kinase kinase beta) (CaMKK beta),Camkk2 Kiaa0787,Mus musculus (Mouse),588
Q8C0P0,reviewed,GWL_MOUSE,Serine/threonine-protein kinase greatwall (GW) (GWL) (EC 2.7.11.1) (Microtubule-associated serine/threonine-protein kinase-like) (MAST-L),Mastl Gw Gwl,Mus musculus (Mouse),865
Q8C0Q4,reviewed,NEK11_MOUSE,Serine/threonine-protein kinase Nek11 (EC 2.7.11.1) (Never in mitosis A-related kinase 11) (NimA-related protein kinase 11),Nek11,Mus musculus (Mouse),628
Q8C0V0,reviewed,TLK1_MOUSE,Serine/threonine-protein kinase tousled-like 1 (EC 2.7.11.1) (Tousled-like kinase 1),Tlk1,Mus musculus (Mouse),766
Q8C4X2,reviewed,KC1G3_MOUSE,Casein kinase I isoform gamma-3 (CKI-gamma 3) (EC 2.7.11.1),Csnk1g3,Mus musculus (Mouse),424
Q8CBF3,reviewed,EPHB1_MOUSE,Ephrin type-B receptor 1 (EC 2.7.10.1),Ephb1,Mus musculus (Mouse),984
Q8CDB0,reviewed,MKNK2_MOUSE,MAP kinase-interacting serine/threonine-protein kinase 2 (EC 2.7.11.1) (MAP kinase signal-integrating kinase 2) (MAPK signal-integrating kinase 2) (Mnk2),Mknk2 Mnk2,Mus musculus (Mouse),459
Q8CE90,reviewed,MP2K7_MOUSE,Dual specificity mitogen-activated protein kinase kinase 7 (MAP kinase kinase 7) (MAPKK 7) (EC 2.7.12.2) (JNK-activating kinase 2) (MAPK/ERK kinase 7) (MEK 7) (c-Jun N-terminal kinase kinase 2) (JNK kinase 2) (JNKK 2),Map2k7 Mkk7,Mus musculus (Mouse),535
Q8CEE6,reviewed,PASK_MOUSE,PAS domain-containing serine/threonine-protein kinase (PAS-kinase) (PASKIN) (EC 2.7.11.1),Pask Kiaa0135,Mus musculus (Mouse),1383
Q8CFA1,reviewed,IRAK2_MOUSE,Interleukin-1 receptor-associated kinase-like 2 (IRAK-2) (mu-IRAK-2),Irak2,Mus musculus (Mouse),622
Q8CFE4,reviewed,SCYL2_MOUSE,SCY1-like protein 2 (Coated vesicle-associated kinase of 104 kDa),Scyl2 Cvak104 D10Ertd802e,Mus musculus (Mouse),930
Q8CFH6,reviewed,SIK2_MOUSE,Serine/threonine-protein kinase SIK2 (EC 2.7.11.1) (Salt-inducible kinase 2) (SIK-2) (Serine/threonine-protein kinase SNF1-like kinase 2),Sik2 Snf1lk2,Mus musculus (Mouse),931
Q8CIN4,reviewed,PAK2_MOUSE,Serine/threonine-protein kinase PAK 2 (EC 2.7.11.1) (Gamma-PAK) (p21-activated kinase 2) (PAK-2) [Cleaved into: PAK-2p27; PAK-2p34],Pak2,Mus musculus (Mouse),524
Q8CIP4,reviewed,MARK4_MOUSE,MAP/microtubule affinity-regulating kinase 4 (EC 2.7.11.1),Mark4 Kiaa1860,Mus musculus (Mouse),752
Q8CIR4,reviewed,TRPM6_MOUSE,Transient receptor potential cation channel subfamily M member 6 (EC 2.7.11.1) (Channel kinase 2) (Melastatin-related TRP cation channel 6),Trpm6,Mus musculus (Mouse),2028
Q8K045,reviewed,PKN3_MOUSE,Serine/threonine-protein kinase N3 (EC 2.7.11.13) (Protein kinase PKN-beta) (Protein-kinase C-related kinase 3),Pkn3 Pknbeta,Mus musculus (Mouse),878
Q8K0D0,reviewed,CDK17_MOUSE,Cyclin-dependent kinase 17 (EC 2.7.11.22) (Cell division protein kinase 17) (PCTAIRE-motif protein kinase 2) (Serine/threonine-protein kinase PCTAIRE-2),Cdk17 Pctaire2 Pctk2,Mus musculus (Mouse),523
Q8K1R7,reviewed,NEK9_MOUSE,Serine/threonine-protein kinase Nek9 (EC 2.7.11.1) (Nercc1 kinase) (Never in mitosis A-related kinase 9) (NimA-related protein kinase 9),Nek9 Nercc,Mus musculus (Mouse),984
Q8K1Y2,reviewed,KPCD3_MOUSE,Serine/threonine-protein kinase D3 (EC 2.7.11.13) (Protein kinase C nu type) (nPKC-nu),Prkd3 Prkcn,Mus musculus (Mouse),889
Q8K348,reviewed,ACV1C_MOUSE,Activin receptor type-1C (EC 2.7.11.30) (Activin receptor type IC) (ACTR-IC) (Activin receptor-like kinase 7) (ALK-7),Acvr1c Alk7,Mus musculus (Mouse),493
Q8K3G5,reviewed,VRK3_MOUSE,Serine/threonine-protein kinase VRK3 (EC 2.7.11.22) (Vaccinia-related kinase 3),Vrk3,Mus musculus (Mouse),453
Q8K3H5,reviewed,MYO3A_MOUSE,Myosin-IIIa (EC 2.7.11.1),Myo3a,Mus musculus (Mouse),1613
Q8K4B2,reviewed,IRAK3_MOUSE,Interleukin-1 receptor-associated kinase 3 (IRAK-3) (IL-1 receptor-associated kinase M) (IRAK-M) (Inactive IL-1 receptor-associated kinase 3),Irak3,Mus musculus (Mouse),609
Q8K4K2,reviewed,TRIB3_MOUSE,Tribbles homolog 3 (TRB-3) (Neuronal cell death-inducible putative kinase),Trib3 Nipk Trb3,Mus musculus (Mouse),354
Q8K4K4,reviewed,TRIB1_MOUSE,Tribbles homolog 1 (TRB-1),Trib1 Trb1,Mus musculus (Mouse),372
Q8K4T3,reviewed,STRAB_MOUSE,STE20-related kinase adapter protein beta (STRAD beta) (Amyotrophic lateral sclerosis 2 chromosomal region candidate gene 2 protein homolog) (ILP-interacting protein homolog) (Polyploidy-associated protein kinase) (Pseudokinase ALS2CR2),Stradb Als2cr2 Papk Syradb,Mus musculus (Mouse),418
Q8K592,reviewed,AMHR2_MOUSE,Anti-Muellerian hormone type-2 receptor (EC 2.7.11.30) (Anti-Muellerian hormone type II receptor) (AMH type II receptor) (MIS type II receptor) (MISRII) (MRII),Amhr2,Mus musculus (Mouse),568
Q8R3L8,reviewed,CDK8_MOUSE,Cyclin-dependent kinase 8 (EC 2.7.11.22) (EC 2.7.11.23) (Cell division protein kinase 8) (Mediator complex subunit CDK8) (Mediator of RNA polymerase II transcription subunit CDK8),Cdk8,Mus musculus (Mouse),464
Q8R4K2,reviewed,IRAK4_MOUSE,Interleukin-1 receptor-associated kinase 4 (IRAK-4) (EC 2.7.11.1),Irak4,Mus musculus (Mouse),459
Q8VBY2,reviewed,KKCC1_MOUSE,Calcium/calmodulin-dependent protein kinase kinase 1 (CaM-KK 1) (CaM-kinase kinase 1) (CaMKK 1) (EC 2.7.11.17) (CaM-kinase IV kinase) (Calcium/calmodulin-dependent protein kinase kinase alpha) (CaM-KK alpha) (CaM-kinase kinase alpha) (CaMKK alpha),Camkk1 Camkk,Mus musculus (Mouse),505
Q8VCR8,reviewed,MYLK2_MOUSE,"Myosin light chain kinase 2, skeletal/cardiac muscle (MLCK2) (EC 2.7.11.18)",Mylk2,Mus musculus (Mouse),613
Q8VCT9,reviewed,TESK2_MOUSE,Dual specificity testis-specific protein kinase 2 (EC 2.7.12.1) (Testicular protein kinase 2),Tesk2,Mus musculus (Mouse),570
Q8VD65,reviewed,PI3R4_MOUSE,Phosphoinositide 3-kinase regulatory subunit 4 (PI3-kinase regulatory subunit 4) (EC 2.7.11.1),Pik3r4 Vps15,Mus musculus (Mouse),1358
Q8VDF3,reviewed,DAPK2_MOUSE,Death-associated protein kinase 2 (DAP kinase 2) (EC 2.7.11.1) (DAP-kinase-related protein 1) (DRP-1),Dapk2,Mus musculus (Mouse),370
Q8VEB1,reviewed,GRK5_MOUSE,G protein-coupled receptor kinase 5 (EC 2.7.11.16) (G protein-coupled receptor kinase GRK5),Grk5 Gprk5,Mus musculus (Mouse),590
Q8VHJ5,reviewed,MARK1_MOUSE,Serine/threonine-protein kinase MARK1 (EC 2.7.11.1) (EC 2.7.11.26) (ELKL motif serine/threonine-protein kinase 3) (MAP/microtubule affinity-regulating kinase 1) (PAR1 homolog c) (Par-1c) (mPar-1c),Mark1 Emk3 Kiaa1477,Mus musculus (Mouse),795
Q91VB2,reviewed,KCC1G_MOUSE,Calcium/calmodulin-dependent protein kinase type 1G (EC 2.7.11.17) (CaM kinase I gamma) (CaM kinase IG) (CaM-KI gamma) (CaMKI gamma) (CaMKIG) (CaMK-like CREB kinase III) (CLICK III),Camk1g,Mus musculus (Mouse),477
Q91VJ4,reviewed,STK38_MOUSE,Serine/threonine-protein kinase 38 (EC 2.7.11.1) (NDR1 protein kinase) (Nuclear Dbf2-related kinase 1),Stk38 Ndr1,Mus musculus (Mouse),465
Q91Y86,reviewed,MK08_MOUSE,Mitogen-activated protein kinase 8 (MAP kinase 8) (MAPK 8) (EC 2.7.11.24) (Stress-activated protein kinase JNK1) (c-Jun N-terminal kinase 1),Mapk8 Jnk1 Prkm8,Mus musculus (Mouse),384
Q91YA2,reviewed,KPSH1_MOUSE,Serine/threonine-protein kinase H1 (EC 2.7.11.1) (Protein serine kinase H1) (PSK-H1),Pskh1,Mus musculus (Mouse),424
Q91YS8,reviewed,KCC1A_MOUSE,Calcium/calmodulin-dependent protein kinase type 1 (EC 2.7.11.17) (CaM kinase I) (CaM-KI) (CaM kinase I alpha) (CaMKI-alpha),Camk1,Mus musculus (Mouse),374
Q91Z96,reviewed,BMP2K_MOUSE,BMP-2-inducible protein kinase (BIKe) (EC 2.7.11.1),Bmp2k Bike,Mus musculus (Mouse),1138
Q91ZR4,reviewed,NEK8_MOUSE,Serine/threonine-protein kinase Nek8 (EC 2.7.11.1) (Never in mitosis A-related kinase 8) (NimA-related protein kinase 8),Nek8 Jck,Mus musculus (Mouse),698
Q922K9,reviewed,FRK_MOUSE,Tyrosine-protein kinase FRK (EC 2.7.10.2) (Beta-cell Src-homology tyrosine kinase) (BSK) (FYN-related kinase) (Intestine tyrosine kinase),Frk Bsk Iyk,Mus musculus (Mouse),512
Q922Q2,reviewed,RIOK1_MOUSE,Serine/threonine-protein kinase RIO1 (EC 2.7.11.1) (EC 3.6.3.-) (RIO kinase 1),Riok1,Mus musculus (Mouse),567
Q922R0,reviewed,PRKX_MOUSE,cAMP-dependent protein kinase catalytic subunit PRKX (PrKX) (Protein kinase X) (Protein kinase X-linked) (Serine/threonine-protein kinase PRKX) (EC 2.7.11.1) (PKA-related protein kinase),Prkx Pkare,Mus musculus (Mouse),355
Q922Y0,reviewed,DYRK3_MOUSE,Dual specificity tyrosine-phosphorylation-regulated kinase 3 (EC 2.7.12.1),Dyrk3,Mus musculus (Mouse),586
Q923J1,reviewed,TRPM7_MOUSE,Transient receptor potential cation channel subfamily M member 7 (EC 2.7.11.1) (Channel-kinase 1) (Long transient receptor potential channel 7) (LTrpC-7) (LTrpC7) (Transient receptor potential-phospholipase C-interacting kinase) (TRP-PLIK),Trpm7 Chak Ltrpc7,Mus musculus (Mouse),1863
Q923T9,reviewed,KCC2G_MOUSE,Calcium/calmodulin-dependent protein kinase type II subunit gamma (CaM kinase II subunit gamma) (CaMK-II subunit gamma) (EC 2.7.11.17),Camk2g,Mus musculus (Mouse),529
Q924C5,reviewed,ALPK3_MOUSE,Alpha-protein kinase 3 (EC 2.7.11.1) (Myocytic induction/differentiation originator) (Midori),Alpk3 Kiaa1330,Mus musculus (Mouse),1680
Q924X7,reviewed,STK33_MOUSE,Serine/threonine-protein kinase 33 (EC 2.7.11.1),Stk33,Mus musculus (Mouse),491
Q925K9,reviewed,TSSK6_MOUSE,Testis-specific serine/threonine-protein kinase 6 (TSK-6) (TSSK-6) (Testis-specific kinase 6) (EC 2.7.11.1) (Serine/threonine-protein kinase SSTK) (Small serine/threonine kinase),Tssk6 Sstk,Mus musculus (Mouse),273
Q99J45,reviewed,NRBP_MOUSE,Nuclear receptor-binding protein (HLS7-interacting protein kinase) (MLF1 adapter molecule),Nrbp1 Madm Nrbp,Mus musculus (Mouse),535
Q99J95,reviewed,CDK9_MOUSE,Cyclin-dependent kinase 9 (EC 2.7.11.22) (EC 2.7.11.23) (Cell division protein kinase 9),Cdk9,Mus musculus (Mouse),372
Q99JT2,reviewed,STK26_MOUSE,Serine/threonine-protein kinase 26 (EC 2.7.11.1) (Mammalian STE20-like protein kinase 4) (MST-4) (STE20-like kinase MST4) (Serine/threonine-protein kinase MST4),Stk26 Mst4,Mus musculus (Mouse),416
Q99KH8,reviewed,STK24_MOUSE,Serine/threonine-protein kinase 24 (EC 2.7.11.1) (Mammalian STE20-like protein kinase 3) (MST-3) (STE20-like kinase MST3) [Cleaved into: Serine/threonine-protein kinase 24 35 kDa subunit (Mammalian STE20-like protein kinase 3 N-terminal) (MST3/N); Serine/threonine-protein kinase 24 12 kDa subunit (Mammalian STE20-like protein kinase 3 C-terminal) (MST3/C)],Stk24 Mst3 Stk3,Mus musculus (Mouse),431
Q99KY4,reviewed,GAK_MOUSE,Cyclin-G-associated kinase (EC 2.7.11.1),Gak,Mus musculus (Mouse),1305
Q99MK8,reviewed,ARBK1_MOUSE,Beta-adrenergic receptor kinase 1 (Beta-ARK-1) (EC 2.7.11.15) (G-protein-coupled receptor kinase 2),Grk2 Adrbk1,Mus musculus (Mouse),689
Q99ML2,reviewed,TNK1_MOUSE,Non-receptor tyrosine-protein kinase TNK1 (EC 2.7.10.2) (Kinase of embryonic stem cells),Tnk1 Kos1,Mus musculus (Mouse),666
Q99MQ3,reviewed,PINK1_MOUSE,"Serine/threonine-protein kinase PINK1, mitochondrial (EC 2.7.11.1) (BRPK) (PTEN-induced putative kinase protein 1)",Pink1,Mus musculus (Mouse),580
Q99N57,reviewed,RAF1_MOUSE,RAF proto-oncogene serine/threonine-protein kinase (EC 2.7.11.1) (Proto-oncogene c-RAF) (cRaf) (Raf-1),Raf1 Craf,Mus musculus (Mouse),648
Q99PW4,reviewed,PRPKB_MOUSE,EKC/KEOPS complex subunit Tp53rkb (EC 3.6.-.-) (Atypical serine/threonine protein kinase Tp53rk) (EKC/KEOPS complex subunit Tp53rk) (Nori-2) (TP53-regulating kinase) (EC 2.7.11.1) (p53-related protein kinase),Tp53rkb Prpk Tp53rk Trp53rk Trp53rkb,Mus musculus (Mouse),244
Q9CQS5,reviewed,RIOK2_MOUSE,Serine/threonine-protein kinase RIO2 (EC 2.7.11.1) (RIO kinase 2),Riok2,Mus musculus (Mouse),547
Q9CXB8,reviewed,ALPK1_MOUSE,Alpha-protein kinase 1 (EC 2.7.11.1),Alpk1 Kiaa1527,Mus musculus (Mouse),1231
Q9D2E1,reviewed,TSSK3_MOUSE,Testis-specific serine/threonine-protein kinase 3 (TSK-3) (TSSK-3) (Testis-specific kinase 3) (EC 2.7.11.1) (Serine/threonine-protein kinase 22C),Tssk3 Stk22c Stk22d,Mus musculus (Mouse),268
Q9D2Y4,reviewed,MLKL_MOUSE,Mixed lineage kinase domain-like protein,Mlkl,Mus musculus (Mouse),472
Q9D411,reviewed,TSSK4_MOUSE,Testis-specific serine/threonine-protein kinase 4 (TSK-4) (TSSK-4) (Testis-specific kinase 4) (EC 2.7.11.1),Tssk4 Tssk5,Mus musculus (Mouse),328
Q9DBQ7,reviewed,PACE1_MOUSE,Protein-associating with the carboxyl-terminal domain of ezrin (Ezrin-binding protein PACE-1) (SCY1-like protein 3),Scyl3 Pace1,Mus musculus (Mouse),735
Q9DBU3,reviewed,RIOK3_MOUSE,Serine/threonine-protein kinase RIO3 (EC 2.7.11.1) (RIO kinase 3),Riok3,Mus musculus (Mouse),519
Q9DC28,reviewed,KC1D_MOUSE,Casein kinase I isoform delta (CKI-delta) (CKId) (EC 2.7.11.1) (Tau-protein kinase CSNK1D) (EC 2.7.11.26),Csnk1d Hckid,Mus musculus (Mouse),415
Q9EQC5,reviewed,SCYL1_MOUSE,N-terminal kinase-like protein (105 kDa kinase-like protein) (Mitosis-associated kinase-like protein NTKL) (SCY1-like protein 1),Scyl1,Mus musculus (Mouse),806
Q9EQY0,reviewed,ERN1_MOUSE,Serine/threonine-protein kinase/endoribonuclease IRE1 (Endoplasmic reticulum-to-nucleus signaling 1) (Inositol-requiring protein 1) (Ire1-alpha) (IRE1a) [Includes: Serine/threonine-protein kinase (EC 2.7.11.1); Endoribonuclease (EC 3.1.26.-)],Ern1 Ire1,Mus musculus (Mouse),977
Q9ERE3,reviewed,SGK3_MOUSE,Serine/threonine-protein kinase Sgk3 (EC 2.7.11.1) (Cytokine-independent survival kinase) (Serum/glucocorticoid-regulated kinase 3) (Serum/glucocorticoid-regulated kinase-like),Sgk3 Cisk Sgkl,Mus musculus (Mouse),496
Q9ERH7,reviewed,HIPK3_MOUSE,Homeodomain-interacting protein kinase 3 (EC 2.7.11.1) (Androgen receptor-interacting nuclear protein kinase) (ANPK) (Fas-interacting serine/threonine-protein kinase) (FIST) (Nuclear body-associated kinase 3) (Nbak3),Hipk3 Fist3,Mus musculus (Mouse),1192
Q9ERK0,reviewed,RIPK4_MOUSE,Receptor-interacting serine/threonine-protein kinase 4 (EC 2.7.11.1) (Ankyrin repeat domain-containing protein 3) (PKC-associated protein kinase) (PKC-regulated protein kinase),Ripk4 Ankrd3 Pkk,Mus musculus (Mouse),786
Q9ES70,reviewed,NEK6_MOUSE,Serine/threonine-protein kinase Nek6 (EC 2.7.11.34) (Never in mitosis A-related kinase 6) (NimA-related protein kinase 6),Nek6,Mus musculus (Mouse),313
Q9ES74,reviewed,NEK7_MOUSE,Serine/threonine-protein kinase Nek7 (EC 2.7.11.34) (Never in mitosis A-related kinase 7) (NimA-related protein kinase 7),Nek7,Mus musculus (Mouse),302
Q9ESG9,reviewed,PMYT1_MOUSE,Membrane-associated tyrosine- and threonine-specific cdc2-inhibitory kinase (EC 2.7.11.1) (Myt1 kinase),Pkmyt1 Myt1,Mus musculus (Mouse),490
Q9ESL4,reviewed,M3K20_MOUSE,Mitogen-activated protein kinase kinase kinase 20 (EC 2.7.11.25) (Leucine zipper- and sterile alpha motif kinase ZAK) (Leucine zipper- and sterile alpha motif-containing kinase) (MLK-like mitogen-activated protein triple kinase) (Mitogen-activated protein kinase kinase kinase MLT) (Mixed lineage kinase-related kinase) (MLK-related kinase) (MRK) (Sterile alpha motif- and leucine zipper-containing kinase AZK),Map3k20 Mltk Zak,Mus musculus (Mouse),802
Q9JHU3,reviewed,CDK20_MOUSE,Cyclin-dependent kinase 20 (EC 2.7.11.22) (CDK-activating kinase p42) (CAK-kinase p42) (CDK-related protein kinase PNQLARE) (Cell cycle-related kinase) (Cell division protein kinase 20) (Cyclin-dependent protein kinase H) (Cyclin-kinase-activating kinase p42),Cdk20 Ccrk Cdch,Mus musculus (Mouse),346
Q9JI10,reviewed,STK3_MOUSE,Serine/threonine-protein kinase 3 (EC 2.7.11.1) (Mammalian STE20-like protein kinase 2) (MST-2) (STE20-like kinase MST2) [Cleaved into: Serine/threonine-protein kinase 3 36kDa subunit (MST2/N); Serine/threonine-protein kinase 3 20kDa subunit (MST2/C)],Stk3 Mess1 Mst2,Mus musculus (Mouse),497
Q9JI11,reviewed,STK4_MOUSE,Serine/threonine-protein kinase 4 (EC 2.7.11.1) (Mammalian STE20-like protein kinase 1) (MST-1) (STE20-like kinase MST1) [Cleaved into: Serine/threonine-protein kinase 4 37kDa subunit (MST1/N); Serine/threonine-protein kinase 4 18kDa subunit (MST1/C)],Stk4 Mst1,Mus musculus (Mouse),487
Q9JJ78,reviewed,TOPK_MOUSE,Lymphokine-activated killer T-cell-originated protein kinase (EC 2.7.12.2) (PDZ-binding kinase) (T-LAK cell-originated protein kinase),Pbk Topk,Mus musculus (Mouse),330
Q9JKV2,reviewed,CILK1_MOUSE,Serine/threonine-protein kinase ICK (EC 2.7.11.1) (Intestinal cell kinase) (mICK) (MAK-related kinase) (MRK),Cilk1 Ick,Mus musculus (Mouse),629
Q9JLM8,reviewed,DCLK1_MOUSE,Serine/threonine-protein kinase DCLK1 (EC 2.7.11.1) (Doublecortin-like and CAM kinase-like 1) (Doublecortin-like kinase 1),Dclk1 Dcamkl1 Dclk,Mus musculus (Mouse),756
Q9JM52,reviewed,MINK1_MOUSE,Misshapen-like kinase 1 (EC 2.7.11.1) (GCK family kinase MiNK) (MAPK/ERK kinase kinase kinase 6) (MEK kinase kinase 6) (MEKKK 6) (Misshapen/NIK-related kinase) (Mitogen-activated protein kinase kinase kinase kinase 6),Mink1 Map4k6 Mink,Mus musculus (Mouse),1308
Q9JMK2,reviewed,KC1E_MOUSE,Casein kinase I isoform epsilon (CKI-epsilon) (CKIe) (EC 2.7.11.1),Csnk1e,Mus musculus (Mouse),416
Q9QVP9,reviewed,FAK2_MOUSE,Protein-tyrosine kinase 2-beta (EC 2.7.10.2) (Calcium-dependent tyrosine kinase) (CADTK) (Calcium-regulated non-receptor proline-rich tyrosine kinase) (Cell adhesion kinase beta) (CAK-beta) (CAKB) (Focal adhesion kinase 2) (FADK 2) (Proline-rich tyrosine kinase 2) (Related adhesion focal tyrosine kinase) (RAFTK),Ptk2b Fak2 Pyk2 Raftk,Mus musculus (Mouse),1009
Q9QY01,reviewed,ULK2_MOUSE,Serine/threonine-protein kinase ULK2 (EC 2.7.11.1) (Serine/threonine-protein kinase Unc51.2) (Unc-51-like kinase 2),Ulk2 Kiaa0623,Mus musculus (Mouse),1037
Q9QZ05,reviewed,E2AK4_MOUSE,eIF-2-alpha kinase GCN2 (Eukaryotic translation initiation factor 2-alpha kinase 4) (EC 2.7.11.1) (GCN2-like protein) (mGCN2),Eif2ak4 Gcn2 Kiaa1338,Mus musculus (Mouse),1648
Q9QZL0,reviewed,RIPK3_MOUSE,Receptor-interacting serine/threonine-protein kinase 3 (EC 2.7.11.1) (RIP-like protein kinase 3) (Receptor-interacting protein 3) (RIP-3) (mRIP3),Ripk3 Rip3,Mus musculus (Mouse),486
Q9QZR5,reviewed,HIPK2_MOUSE,Homeodomain-interacting protein kinase 2 (EC 2.7.11.1) (Nuclear body-associated kinase 1) (Sialophorin tail-associated nuclear serine/threonine-protein kinase),Hipk2 Nbak1 Stank,Mus musculus (Mouse),1196
Q9QZS5,reviewed,SGK2_MOUSE,Serine/threonine-protein kinase Sgk2 (EC 2.7.11.1) (Serum/glucocorticoid-regulated kinase 2),Sgk2,Mus musculus (Mouse),367
Q9R0A5,reviewed,NEK3_MOUSE,Serine/threonine-protein kinase Nek3 (EC 2.7.11.1) (Never in mitosis A-related kinase 3) (NimA-related protein kinase 3),Nek3,Mus musculus (Mouse),511
Q9R0G8,reviewed,NRK_MOUSE,Nik-related protein kinase (EC 2.7.11.1) (Nck-interacting kinase-like embryo specific kinase) (NESK) (NIK-like embryo-specific kinase),Nrk Nesk,Mus musculus (Mouse),1455
Q9R0T8,reviewed,IKKE_MOUSE,Inhibitor of nuclear factor kappa-B kinase subunit epsilon (I-kappa-B kinase epsilon) (IKK-E) (IKK-epsilon) (IkBKE) (EC 2.7.11.10) (Inducible I kappa-B kinase) (IKK-i),Ikbke Ikke Ikki,Mus musculus (Mouse),717
Q9R117,reviewed,TYK2_MOUSE,Non-receptor tyrosine-protein kinase TYK2 (EC 2.7.10.2),Tyk2,Mus musculus (Mouse),1184
Q9R1L5,reviewed,MAST1_MOUSE,Microtubule-associated serine/threonine-protein kinase 1 (EC 2.7.11.1) (Syntrophin-associated serine/threonine-protein kinase),Mast1 Kiaa0973 Sast,Mus musculus (Mouse),1570
Q9WTK7,reviewed,STK11_MOUSE,Serine/threonine-protein kinase STK11 (EC 2.7.11.1) (Liver kinase B1 homolog) (LKB1) (mLKB1),Stk11 Lkb1,Mus musculus (Mouse),436
Q9WTL4,reviewed,INSRR_MOUSE,Insulin receptor-related protein (IRR) (EC 2.7.10.1) (IR-related receptor) [Cleaved into: Insulin receptor-related protein alpha chain; Insulin receptor-related protein beta chain],Insrr Irr,Mus musculus (Mouse),1300
Q9WTR2,reviewed,M3K6_MOUSE,Mitogen-activated protein kinase kinase kinase 6 (EC 2.7.11.25) (Apoptosis signal-regulating kinase 2),Map3k6 Ask2 Mapkkk6 Mekk6,Mus musculus (Mouse),1291
Q9WTU6,reviewed,MK09_MOUSE,Mitogen-activated protein kinase 9 (MAP kinase 9) (MAPK 9) (EC 2.7.11.24) (Stress-activated protein kinase JNK2) (c-Jun N-terminal kinase 2),Mapk9 Jnk2 Prkm9,Mus musculus (Mouse),423
Q9WUA6,reviewed,AKT3_MOUSE,RAC-gamma serine/threonine-protein kinase (EC 2.7.11.1) (Protein kinase Akt-3) (Protein kinase B gamma) (PKB gamma) (RAC-PK-gamma),Akt3,Mus musculus (Mouse),479
Q9WUI1,reviewed,MK11_MOUSE,Mitogen-activated protein kinase 11 (MAP kinase 11) (MAPK 11) (EC 2.7.11.24) (Mitogen-activated protein kinase p38 beta) (MAP kinase p38 beta) (p38B),Mapk11 Prkm11,Mus musculus (Mouse),364
Q9WUL6,reviewed,M3K14_MOUSE,Mitogen-activated protein kinase kinase kinase 14 (EC 2.7.11.25) (NF-kappa-beta-inducing kinase) (Serine/threonine-protein kinase NIK),Map3k14 Nik,Mus musculus (Mouse),942
Q9WUN2,reviewed,TBK1_MOUSE,Serine/threonine-protein kinase TBK1 (EC 2.7.11.1) (T2K) (TANK-binding kinase 1),Tbk1,Mus musculus (Mouse),729
Q9WUT3,reviewed,KS6A2_MOUSE,Ribosomal protein S6 kinase alpha-2 (S6K-alpha-2) (EC 2.7.11.1) (90 kDa ribosomal protein S6 kinase 2) (p90-RSK 2) (p90RSK2) (MAP kinase-activated protein kinase 1c) (MAPK-activated protein kinase 1c) (MAPKAP kinase 1c) (MAPKAPK-1c) (Protein-tyrosine kinase Mpk-9) (Ribosomal S6 kinase 3) (RSK-3) (pp90RSK3),Rps6ka2 Mapkapk1c Rsk3,Mus musculus (Mouse),733
Q9WV60,reviewed,GSK3B_MOUSE,Glycogen synthase kinase-3 beta (GSK-3 beta) (EC 2.7.11.26) (Serine/threonine-protein kinase GSK3B) (EC 2.7.11.1),Gsk3b,Mus musculus (Mouse),420
Q9WVC6,reviewed,SGK1_MOUSE,Serine/threonine-protein kinase Sgk1 (EC 2.7.11.1) (Serum/glucocorticoid-regulated kinase 1),Sgk1 Sgk,Mus musculus (Mouse),431
Q9WVL4,reviewed,GRK1_MOUSE,Rhodopsin kinase GRK1 (RK) (EC 2.7.11.14) (G protein-coupled receptor kinase 1),Grk1 Rhok,Mus musculus (Mouse),564
Q9WVS4,reviewed,MOK_MOUSE,MAPK/MAK/MRK overlapping kinase (EC 2.7.11.22) (MOK protein kinase) (Serine/threonine kinase 30),Mok Rage Stk30,Mus musculus (Mouse),420
Q9WVS7,reviewed,MP2K5_MOUSE,Dual specificity mitogen-activated protein kinase kinase 5 (MAP kinase kinase 5) (MAPKK 5) (EC 2.7.12.2) (MAPK/ERK kinase 5) (MEK 5),Map2k5 Mek5 Mkk5 Prkmk5,Mus musculus (Mouse),448
Q9WVS8,reviewed,MK07_MOUSE,Mitogen-activated protein kinase 7 (MAP kinase 7) (MAPK 7) (EC 2.7.11.24) (Big MAP kinase 1) (BMK-1) (Extracellular signal-regulated kinase 5) (ERK-5),Mapk7 Bmk1 Erk5,Mus musculus (Mouse),806
Q9Z0G2,reviewed,SRPK3_MOUSE,SRSF protein kinase 3 (EC 2.7.11.1) (Muscle-specific serine kinase 1) (MSSK-1) (Serine/arginine-rich protein-specific kinase 3) (SR-protein-specific kinase 3) (Serine/threonine-protein kinase 23),Srpk3 Mssk1 Stk23,Mus musculus (Mouse),565
Q9Z0H0,reviewed,CDC7_MOUSE,Cell division cycle 7-related protein kinase (CDC7-related kinase) (muCdc7) (EC 2.7.11.1),Cdc7 Cdc7l1,Mus musculus (Mouse),564
Q9Z0R0,reviewed,HASP_MOUSE,Serine/threonine-protein kinase haspin (EC 2.7.11.1) (Germ cell-specific gene 2 protein) (Haploid germ cell-specific nuclear protein kinase),Haspin Gsg2,Mus musculus (Mouse),754
Q9Z138,reviewed,ROR2_MOUSE,"Tyrosine-protein kinase transmembrane receptor ROR2 (mROR2) (EC 2.7.10.1) (Neurotrophic tyrosine kinase, receptor-related 2)",Ror2,Mus musculus (Mouse),944
Q9Z139,reviewed,ROR1_MOUSE,"Inactive tyrosine-protein kinase transmembrane receptor ROR1 (mROR1) (Neurotrophic tyrosine kinase, receptor-related 1)",Ror1 Ntrkr1,Mus musculus (Mouse),937
Q9Z188,reviewed,DYR1B_MOUSE,Dual specificity tyrosine-phosphorylation-regulated kinase 1B (EC 2.7.12.1),Dyrk1b,Mus musculus (Mouse),629
Q9Z1B7,reviewed,MK13_MOUSE,Mitogen-activated protein kinase 13 (MAP kinase 13) (MAPK 13) (EC 2.7.11.24) (Mitogen-activated protein kinase p38 delta) (MAP kinase p38 delta) (Stress-activated protein kinase 4),Mapk13 Serk4,Mus musculus (Mouse),366
Q9Z1J2,reviewed,NEK4_MOUSE,Serine/threonine-protein kinase Nek4 (EC 2.7.11.1) (Never in mitosis A-related kinase 4) (NimA-related protein kinase 4) (Serine/threonine-protein kinase 2),Nek4 Stk2,Mus musculus (Mouse),792
Q9Z1M4,reviewed,KS6B2_MOUSE,Ribosomal protein S6 kinase beta-2 (S6K-beta-2) (S6K2) (EC 2.7.11.1) (70 kDa ribosomal protein S6 kinase 2) (p70 ribosomal S6 kinase beta) (p70 S6 kinase beta) (p70 S6K-beta) (p70 S6KB),Rps6kb2,Mus musculus (Mouse),485
Q9Z1S0,reviewed,BUB1B_MOUSE,Mitotic checkpoint serine/threonine-protein kinase BUB1 beta (EC 2.7.11.1) (MAD3/BUB1-related protein kinase) (BubR1) (Mitotic checkpoint kinase MAD3L),Bub1b Mad3l,Mus musculus (Mouse),1052
Q9Z1W9,reviewed,STK39_MOUSE,STE20/SPS1-related proline-alanine-rich protein kinase (Ste-20-related kinase) (EC 2.7.11.1) (Serine/threonine-protein kinase 39),Stk39 Spak,Mus musculus (Mouse),556
Q9Z265,reviewed,CHK2_MOUSE,Serine/threonine-protein kinase Chk2 (EC 2.7.11.1) (CHK2 checkpoint homolog) (Checkpoint kinase 2),Chek2 Chk2 Rad53,Mus musculus (Mouse),546
Q9Z2A0,reviewed,PDPK1_MOUSE,3-phosphoinositide-dependent protein kinase 1 (mPDK1) (EC 2.7.11.1),Pdpk1 Pdk1,Mus musculus (Mouse),559
Q9Z2B5,reviewed,E2AK3_MOUSE,Eukaryotic translation initiation factor 2-alpha kinase 3 (EC 2.7.11.1) (PRKR-like endoplasmic reticulum kinase) (Pancreatic eIF2-alpha kinase),Eif2ak3 Pek Perk,Mus musculus (Mouse),1114
Q9Z2B9,reviewed,KS6A4_MOUSE,Ribosomal protein S6 kinase alpha-4 (S6K-alpha-4) (EC 2.7.11.1) (90 kDa ribosomal protein S6 kinase 4) (Nuclear mitogen- and stress-activated protein kinase 2) (RSK-like protein kinase) (RLSK),Rps6ka4 Msk2,Mus musculus (Mouse),773
Q9Z2E3,reviewed,ERN2_MOUSE,Serine/threonine-protein kinase/endoribonuclease IRE2 (Endoplasmic reticulum-to-nucleus signaling 2) (Inositol-requiring protein 2) (Ire1-beta) (IRE1b) (mIre1) [Includes: Serine/threonine-protein kinase (EC 2.7.11.1); Endoribonuclease (EC 3.1.26.-)],Ern2 Ire2,Mus musculus (Mouse),911
Q9Z2R9,reviewed,E2AK1_MOUSE,Eukaryotic translation initiation factor 2-alpha kinase 1 (EC 2.7.11.1) (Heme-controlled repressor) (HCR) (Heme-regulated eukaryotic initiation factor eIF-2-alpha kinase) (Heme-regulated inhibitor) (Hemin-sensitive initiation factor 2-alpha kinase),Eif2ak1 Hri,Mus musculus (Mouse),619
Q9Z2W1,reviewed,STK25_MOUSE,Serine/threonine-protein kinase 25 (EC 2.7.11.1) (Ste20-like kinase) (Sterile 20/oxidant stress-response kinase 1) (SOK-1) (Ste20/oxidant stress response kinase 1),Stk25 Sok1,Mus musculus (Mouse),426
A2AQW0,reviewed,M3K15_MOUSE,Mitogen-activated protein kinase kinase kinase 15 (EC 2.7.11.25) (MAPK/ERK kinase kinase 15) (MEK kinase 15) (MEKK 15),Map3k15,Mus musculus (Mouse),1331
A2KF29,reviewed,SMKTR_MOUSE,Sperm motility kinase Tcr mutant form (SmokTcr) (Tcr) (EC 2.7.11.1) (Dominant negative form of Smok) (Responder protein Smok-Tcr),Smoktcr,Mus musculus (Mouse),484
C0HKC8,reviewed,SMK3A_MOUSE,Sperm motility kinase 3A (EC 2.7.11.1),Smok3a,Mus musculus (Mouse),504
C0HKC9,reviewed,SMK3B_MOUSE,Sperm motility kinase 3B (EC 2.7.11.1),Smok3b,Mus musculus (Mouse),504
P0C5K0,reviewed,SBK3_MOUSE,Uncharacterized serine/threonine-protein kinase SBK3 (EC 2.7.11.1) (SH3 domain-binding kinase family member 3) (Sugen kinase 110),Sbk3 Gm1078 Sgk110,Mus musculus (Mouse),361
P41242,reviewed,MATK_MOUSE,Megakaryocyte-associated tyrosine-protein kinase (EC 2.7.10.2) (Protein kinase NTK) (Tyrosine-protein kinase CTK),Matk Ctk Ntk,Mus musculus (Mouse),505
Q04899,reviewed,CDK18_MOUSE,Cyclin-dependent kinase 18 (EC 2.7.11.22) (Cell division protein kinase 18) (PCTAIRE-motif protein kinase 3) (Serine/threonine-protein kinase PCTAIRE-3),Cdk18 Pctaire3 Pctk3,Mus musculus (Mouse),451
Q3U1V8,reviewed,M3K9_MOUSE,Mitogen-activated protein kinase kinase kinase 9 (EC 2.7.11.25),Map3k9,Mus musculus (Mouse),1077
Q3U214,reviewed,MAST3_MOUSE,Microtubule-associated serine/threonine-protein kinase 3 (EC 2.7.11.1),Mast3 Kiaa0561,Mus musculus (Mouse),1321
Q3UHL1,reviewed,CAMKV_MOUSE,CaM kinase-like vesicle-associated protein,Camkv,Mus musculus (Mouse),512
Q566J8,reviewed,COQ8B_MOUSE,"Atypical kinase COQ8B, mitochondrial (EC 2.7.-.-) (AarF domain-containing protein kinase 4) (Coenzyme Q protein 8B)",Coq8b Adck4,Mus musculus (Mouse),533
Q6J9G1,reviewed,STYK1_MOUSE,Tyrosine-protein kinase STYK1 (EC 2.7.10.2) (Novel oncogene with kinase domain) (mNOK) (Serine/threonine/tyrosine kinase 1),Styk1 Nok,Mus musculus (Mouse),429
Q6NSR3,reviewed,ADCK2_MOUSE,Uncharacterized aarF domain-containing protein kinase 2 (EC 2.7.11.-),Adck2,Mus musculus (Mouse),617
Q7TSC3,reviewed,NEK5_MOUSE,Serine/threonine-protein kinase Nek5 (EC 2.7.11.1) (Never in mitosis A-related kinase 5) (NimA-related protein kinase 5),Nek5,Mus musculus (Mouse),627
Q80ZW0,reviewed,STK35_MOUSE,Serine/threonine-protein kinase 35 (Serine/threonine-protein kinase 35 L1) (EC 2.7.11.1),Stk35 Stk35l1,Mus musculus (Mouse),539
Q811L6,reviewed,MAST4_MOUSE,Microtubule-associated serine/threonine-protein kinase 4 (EC 2.7.11.1),Mast4,Mus musculus (Mouse),2618
Q8BGW6,reviewed,ST32A_MOUSE,Serine/threonine-protein kinase 32A (EC 2.7.11.1),Stk32a,Mus musculus (Mouse),398
Q8BPM2,reviewed,M4K5_MOUSE,Mitogen-activated protein kinase kinase kinase kinase 5 (EC 2.7.11.1) (MAPK/ERK kinase kinase kinase 5) (MEK kinase kinase 5) (MEKKK 5),Map4k5,Mus musculus (Mouse),847
Q8BWD8,reviewed,CDK19_MOUSE,Cyclin-dependent kinase 19 (EC 2.7.11.22) (CDC2-related protein kinase 6) (Cell division cycle 2-like protein kinase 6) (Cell division protein kinase 19),Cdk19 Cdc2l6 Kiaa1028,Mus musculus (Mouse),501
Q8BYG9,reviewed,EPHAA_MOUSE,Ephrin type-A receptor 10 (EC 2.7.10.1),Epha10,Mus musculus (Mouse),1007
Q8BZ25,reviewed,ANKK1_MOUSE,Ankyrin repeat and protein kinase domain-containing protein 1 (EC 2.7.11.1),Ankk1,Mus musculus (Mouse),745
Q8C1R0,reviewed,TSSK5_MOUSE,Testis-specific serine/threonine-protein kinase 5 (TSK-5) (TSSK-5) (Testis-specific kinase 5) (EC 2.7.11.1),Tssk5,Mus musculus (Mouse),372
Q8K4K3,reviewed,TRIB2_MOUSE,Tribbles homolog 2 (TRB-2),Trib2,Mus musculus (Mouse),343
Q8VDG6,reviewed,M3K21_MOUSE,Mitogen-activated protein kinase kinase kinase 21 (EC 2.7.11.25) (Mitogen-activated protein kinase kinase kinase MLK4) (Mixed lineage kinase 4),Map3k21 Kiaa1804 Mlk4,Mus musculus (Mouse),1002
Q8VDU5,reviewed,SNRK_MOUSE,SNF-related serine/threonine-protein kinase (EC 2.7.11.1) (SNF1-related kinase),Snrk,Mus musculus (Mouse),748
Q91V36,reviewed,NRBP2_MOUSE,Nuclear receptor-binding protein 2,Nrbp2,Mus musculus (Mouse),499
Q91ZB0,reviewed,ALPK2_MOUSE,Alpha-protein kinase 2 (EC 2.7.11.1) (Heart alpha-protein kinase),Alpk2 Hak,Mus musculus (Mouse),2144
Q99JP0,reviewed,M4K3_MOUSE,Mitogen-activated protein kinase kinase kinase kinase 3 (EC 2.7.11.1) (Germinal center kinase-related protein kinase) (GLK) (MAPK/ERK kinase kinase kinase 3) (MEK kinase kinase 3) (MEKKK 3),Map4k3,Mus musculus (Mouse),894
Q99MW1,reviewed,STK31_MOUSE,Serine/threonine-protein kinase 31 (EC 2.7.11.1),Stk31,Mus musculus (Mouse),1018
Q9DB30,reviewed,PHKG2_MOUSE,"Phosphorylase b kinase gamma catalytic chain, liver/testis isoform (PHK-gamma-LT) (PHK-gamma-T) (EC 2.7.11.19) (Phosphorylase kinase subunit gamma-2)",Phkg2,Mus musculus (Mouse),406
Q9QUK0,reviewed,CDKL2_MOUSE,Cyclin-dependent kinase-like 2 (EC 2.7.11.22) (Serine/threonine-protein kinase KKIAMRE),Cdkl2 Kkiamre Kkm,Mus musculus (Mouse),568
Q9QYK9,reviewed,KCC1B_MOUSE,Calcium/calmodulin-dependent protein kinase type 1B (EC 2.7.11.17) (CaM kinase I beta) (CaM kinase IB) (CaM-KI beta) (CaMKI-beta) (Pregnancy up-regulated non-ubiquitously-expressed CaM kinase homolog),Pnck,Mus musculus (Mouse),343
Q9QYZ3,reviewed,SMK2B_MOUSE,Sperm motility kinase 2B (EC 2.7.11.1),Smok2b Gm1847,Mus musculus (Mouse),484
Q9QYZ4,reviewed,SMOK1_MOUSE,Sperm motility kinase 1 (EC 2.7.11.1),Smok1,Mus musculus (Mouse),484
Q9QYZ6,reviewed,SMK2A_MOUSE,Sperm motility kinase 2A (EC 2.7.11.1),Smok2a,Mus musculus (Mouse),504
A0AUV4,reviewed,SMKY_MOUSE,Sperm motility kinase Y (EC 2.7.11.1),Gm7168,Mus musculus (Mouse),508
E9Q3S4,reviewed,M3K19_MOUSE,Mitogen-activated protein kinase kinase kinase 19 (EC 2.7.11.1) (SPS1/STE20-related protein kinase YSK4),Map3k19 Ysk4,Mus musculus (Mouse),1311
O88866,reviewed,HUNK_MOUSE,Hormonally up-regulated neu tumor-associated kinase (EC 2.7.11.1) (Serine/threonine-protein kinase MAK-V),Hunk Makv,Mus musculus (Mouse),714
P0C5K1,reviewed,SBK2_MOUSE,Serine/threonine-protein kinase SBK2 (EC 2.7.11.1) (SH3 domain-binding kinase family member 2) (Sugen kinase 69) (SgK069),Sbk2 Sgk069,Mus musculus (Mouse),362
Q3TZA2,reviewed,CDKL4_MOUSE,Cyclin-dependent kinase-like 4 (EC 2.7.11.22),Cdkl4 Gm942,Mus musculus (Mouse),342
Q5SUV5,reviewed,MYLK4_MOUSE,Myosin light chain kinase family member 4 (EC 2.7.11.1) (Sugen kinase 85) (SgK085),Mylk4 Sgk085,Mus musculus (Mouse),386
Q5SYL1,reviewed,KS6R_MOUSE,Ribosomal protein S6 kinase-related protein (EC 2.7.11.1),Rskr,Mus musculus (Mouse),278
Q80V03,reviewed,ADCK5_MOUSE,Uncharacterized aarF domain-containing protein kinase 5 (EC 2.7.11.-),Adck5,Mus musculus (Mouse),582
Q80YS9,reviewed,STKL1_MOUSE,Serine/threonine kinase-like domain-containing protein STKLD1 (Serine/threonine kinase-like domain-containing protein 1) (Sugen kinase 071),Stkld1 Gm711 Sgk071,Mus musculus (Mouse),662
Q8BHI9,reviewed,NIM1_MOUSE,Serine/threonine-protein kinase NIM1 (EC 2.7.11.1) (NIM1 serine/threonine-protein kinase),Nim1k Nim1,Mus musculus (Mouse),436
Q8BM85,reviewed,TBCK_MOUSE,TBC domain-containing protein kinase-like protein,Tbck,Mus musculus (Mouse),762
Q8C0N0,reviewed,SMKZ_MOUSE,Sperm motility kinase Z (EC 2.7.11.1),Gm4922,Mus musculus (Mouse),497
Q8C0V7,reviewed,SMKW_MOUSE,Putative sperm motility kinase W (EC 2.7.11.1),Stk-ps2 Gm4776,Mus musculus (Mouse),499
Q8C0X8,reviewed,SMKX_MOUSE,Sperm motility kinase X (EC 2.7.11.1),,Mus musculus (Mouse),640
Q8CEQ0,reviewed,CDKL1_MOUSE,Cyclin-dependent kinase-like 1 (EC 2.7.11.22),Cdkl1,Mus musculus (Mouse),352
Q8QZR7,reviewed,PDK1L_MOUSE,Serine/threonine-protein kinase PDIK1L (EC 2.7.11.1) (PDLIM1-interacting kinase 1-like),Pdik1l,Mus musculus (Mouse),341
Q8QZV4,reviewed,ST32C_MOUSE,Serine/threonine-protein kinase 32C (EC 2.7.11.1),Stk32c Pkek MNCb-1563,Mus musculus (Mouse),488
Q8QZX0,reviewed,SBK1_MOUSE,Serine/threonine-protein kinase SBK1 (EC 2.7.11.1) (SH3 domain-binding kinase 1),Sbk1 Sbk,Mus musculus (Mouse),417
Q8R2S1,reviewed,RPKL1_MOUSE,Ribosomal protein S6 kinase-like 1 (EC 2.7.11.1),Rps6kl1,Mus musculus (Mouse),544
Q9D0L4,reviewed,ADCK1_MOUSE,AarF domain-containing protein kinase 1 (EC 2.7.-.-),Adck1,Mus musculus (Mouse),525
Q9JJX8,reviewed,ST32B_MOUSE,Serine/threonine-protein kinase 32B (EC 2.7.11.1),Stk32b Stk32,Mus musculus (Mouse),414
